Link type,Is nofollow,Source URL,Source HTTP status code,Target URL,Target HTTP status code,Anchor,Alt attribute,Hreflang attribute,Is source canonical,Is source noindex,Is target canonical,Is target noindex,Is link self-referencing
Href link,false,https://teznevisan3.com/proposal/,200,https://apastyle.apa.org/,200,استانداردهای نگارش علمی APA,,,true,false,true,true,false
Href link,false,https://teznevisan3.com/minitab/,200,https://teznevisan3.com/simulation/,200,انجام شبیه سازی,,,true,false,true,true,false
Href link,false,https://teznevisan3.com/writing-thesis/master/,200,https://apastyle.apa.org/,200,استانداردهای نگارش علمی APA,,,true,false,true,true,false
Canonical,false,https://teznevisan3.com/simulation/,200,https://teznevisan3.com/simulation/,200,,,,true,true,true,true,true
Href link,false,https://teznevisan3.com/statistical-population/,200,https://teznevisan3.com/wp-login.php?action=lostpassword&redirect_to=https%3A%2F%2Fteznevisan3.com,200,رمز عبور را فراموش کرده اید؟,,,true,false,true,true,false
Href link,false,https://teznevisan3.com/thesis/,200,https://teznevisan3.com/wp-login.php?action=lostpassword&redirect_to=https%3A%2F%2Fteznevisan3.com,200,رمز عبور را فراموش کرده اید؟,,,true,false,true,true,false
Href link,false,https://teznevisan3.com/writing-paper/isi/,200,https://apastyle.apa.org/,200,APA Style Guide,,,true,false,true,true,false
Href link,false,https://teznevisan3.com/how-to-write-thesis/,200,https://teznevisan3.com/wp-login.php?action=lostpassword&redirect_to=https%3A%2F%2Fteznevisan3.com,200,رمز عبور را فراموش کرده اید؟,,,true,false,true,true,false
Href link,false,https://teznevisan3.com/blog/,200,https://teznevisan3.com/wp-login.php?action=lostpassword&redirect_to=https%3A%2F%2Fteznevisan3.com,200,رمز عبور را فراموش کرده اید؟,,,true,false,true,true,false
Href link,false,https://teznevisan3.com/statistical-analysis/sas/,200,https://teznevisan3.com/wp-login.php?action=lostpassword&redirect_to=https%3A%2F%2Fteznevisan3.com,200,رمز عبور را فراموش کرده اید؟,,,true,false,true,true,false
Href link,false,https://teznevisan3.com/citation/,200,https://teznevisan3.com/wp-login.php?action=lostpassword&redirect_to=https%3A%2F%2Fteznevisan3.com,200,رمز عبور را فراموش کرده اید؟,,,true,false,true,true,false
Href link,false,https://teznevisan3.com/minitab/,200,https://teznevisan3.com/wp-login.php?action=lostpassword&redirect_to=https%3A%2F%2Fteznevisan3.com,200,رمز عبور را فراموش کرده اید؟,,,true,false,true,true,false
Href link,false,https://teznevisan3.com/plagiarism-check/,200,https://teznevisan3.com/wp-login.php?action=lostpassword&redirect_to=https%3A%2F%2Fteznevisan3.com,200,رمز عبور را فراموش کرده اید؟,,,true,false,true,true,false
Href link,false,https://teznevisan3.com/proposal/,200,https://teznevisan3.com/wp-login.php?action=lostpassword&redirect_to=https%3A%2F%2Fteznevisan3.com,200,رمز عبور را فراموش کرده اید؟,,,true,false,true,true,false
Href link,false,https://teznevisan3.com/writing-thesis/master/,200,https://teznevisan3.com/wp-login.php?action=lostpassword&redirect_to=https%3A%2F%2Fteznevisan3.com,200,رمز عبور را فراموش کرده اید؟,,,true,false,true,true,false
Href link,false,https://teznevisan3.com/case-study/,200,https://teznevisan3.com/wp-login.php?action=lostpassword&redirect_to=https%3A%2F%2Fteznevisan3.com,200,رمز عبور را فراموش کرده اید؟,,,true,false,true,true,false
Href link,false,https://teznevisan3.com/assignment-writing/,200,https://teznevisan3.com/wp-login.php?action=lostpassword&redirect_to=https%3A%2F%2Fteznevisan3.com,200,رمز عبور را فراموش کرده اید؟,,,true,false,true,true,false
Href link,false,https://teznevisan3.com/become-researcher/,200,https://teznevisan3.com/wp-login.php?action=lostpassword&redirect_to=https%3A%2F%2Fteznevisan3.com,200,رمز عبور را فراموش کرده اید؟,,,true,false,true,true,false
Href link,false,https://teznevisan3.com/paper-writing-tutorials/,200,https://teznevisan3.com/wp-login.php?action=lostpassword&redirect_to=https%3A%2F%2Fteznevisan3.com,200,رمز عبور را فراموش کرده اید؟,,,true,false,true,true,false
Href link,false,https://teznevisan3.com/academic-research-dictionary/,200,https://teznevisan3.com/wp-login.php?action=lostpassword&redirect_to=https%3A%2F%2Fteznevisan3.com,200,رمز عبور را فراموش کرده اید؟,,,true,false,true,true,false
Href link,false,https://teznevisan3.com/writing-paper/,200,https://teznevisan3.com/wp-login.php?action=lostpassword&redirect_to=https%3A%2F%2Fteznevisan3.com,200,رمز عبور را فراموش کرده اید؟,,,true,false,true,true,false
Href link,false,https://teznevisan3.com/writing-paper/isc/,200,https://teznevisan3.com/wp-login.php?action=lostpassword&redirect_to=https%3A%2F%2Fteznevisan3.com,200,رمز عبور را فراموش کرده اید؟,,,true,false,true,true,false
Href link,false,https://teznevisan3.com/how-to-search-research-paper/,200,https://teznevisan3.com/wp-login.php?action=lostpassword&redirect_to=https%3A%2F%2Fteznevisan3.com,200,رمز عبور را فراموش کرده اید؟,,,true,false,true,true,false
Href link,false,https://teznevisan3.com/statistical-analysis/spss/,200,https://apastyle.apa.org/,200,استانداردهای گزارش‌دهی آماری APA,,,true,false,true,true,false
Href link,false,https://teznevisan3.com/extracting-paper-from-dissertation/,200,https://teznevisan3.com/wp-login.php?action=lostpassword&redirect_to=https%3A%2F%2Fteznevisan3.com,200,رمز عبور را فراموش کرده اید؟,,,true,false,true,true,false
Href link,false,https://teznevisan3.com/thesis-writing-tutorials/,200,https://teznevisan3.com/wp-login.php?action=lostpassword&redirect_to=https%3A%2F%2Fteznevisan3.com,200,رمز عبور را فراموش کرده اید؟,,,true,false,true,true,false
Href link,false,https://teznevisan3.com/causal-comparative-research/,200,https://teznevisan3.com/wp-login.php?action=lostpassword&redirect_to=https%3A%2F%2Fteznevisan3.com,200,رمز عبور را فراموش کرده اید؟,,,true,false,true,true,false
Href link,false,https://teznevisan3.com/qualitative-method/,200,https://teznevisan3.com/wp-login.php?action=lostpassword&redirect_to=https%3A%2F%2Fteznevisan3.com,200,رمز عبور را فراموش کرده اید؟,,,true,false,true,true,false
Href link,false,https://teznevisan3.com/writing-paper/isi/,200,https://teznevisan3.com/wp-login.php?action=lostpassword&redirect_to=https%3A%2F%2Fteznevisan3.com,200,رمز عبور را فراموش کرده اید؟,,,true,false,true,true,false
Href link,false,https://teznevisan3.com/,200,https://teznevisan3.com/wp-login.php?action=lostpassword&redirect_to=https%3A%2F%2Fteznevisan3.com,200,رمز عبور را فراموش کرده اید؟,,,true,false,true,true,false
Href link,false,https://teznevisan3.com/abaqus/,200,https://teznevisan3.com/wp-login.php?action=lostpassword&redirect_to=https%3A%2F%2Fteznevisan3.com,200,رمز عبور را فراموش کرده اید؟,,,true,false,true,true,false
Href link,false,https://teznevisan3.com/researach-hypothesis/,200,https://teznevisan3.com/wp-login.php?action=lostpassword&redirect_to=https%3A%2F%2Fteznevisan3.com,200,رمز عبور را فراموش کرده اید؟,,,true,false,true,true,false
Href link,false,https://teznevisan3.com/how-to-write-review-paper/,200,https://teznevisan3.com/wp-login.php?action=lostpassword&redirect_to=https%3A%2F%2Fteznevisan3.com,200,رمز عبور را فراموش کرده اید؟,,,true,false,true,true,false
Href link,false,https://teznevisan3.com/,200,https://apastyle.apa.org/,200,استانداردهای نگارش علمی APA,,,true,false,true,true,false
Href link,false,https://teznevisan3.com/proposal/phd/,200,https://apastyle.apa.org/,200,استانداردهای نگارش علمی APA ویرایش هفتم,,,true,false,true,true,false
Href link,false,https://teznevisan3.com/military-services-project/,200,https://teznevisan3.com/wp-login.php?action=lostpassword&redirect_to=https%3A%2F%2Fteznevisan3.com,200,رمز عبور را فراموش کرده اید؟,,,true,false,true,true,false
Href link,false,https://teznevisan3.com/research-types/,200,https://teznevisan3.com/wp-login.php?action=lostpassword&redirect_to=https%3A%2F%2Fteznevisan3.com,200,رمز عبور را فراموش کرده اید؟,,,true,false,true,true,false
Href link,true,https://teznevisan3.com/true-research/,200,https://telegram.me/share/url?url=https://teznevisan3.com/true-research/&text=%D8%B1%D9%88%D9%86%D8%AF%20%D8%B5%D8%AD%DB%8C%D8%AD%20%D9%BE%DA%98%D9%88%D9%87%D8%B4%20%D9%88%20%DA%A9%D8%A7%D8%B1%D9%87%D8%A7%DB%8C%20%D9%BE%DA%98%D9%88%D9%87%D8%B4%DB%8C,200,تلگرام,,,true,false,true,true,false
Href link,false,https://teznevisan3.com/python/,200,https://teznevisan3.com/wp-login.php?action=lostpassword&redirect_to=https%3A%2F%2Fteznevisan3.com,200,رمز عبور را فراموش کرده اید؟,,,true,false,true,true,false
Href link,false,https://teznevisan3.com/statistical-analysis/sas/,200,https://apastyle.apa.org/,200,استانداردهای تحلیل آماری,,,true,false,true,true,false
Href link,false,https://teznevisan3.com/writing-thesis/,200,https://teznevisan3.com/wp-login.php?action=lostpassword&redirect_to=https%3A%2F%2Fteznevisan3.com,200,رمز عبور را فراموش کرده اید؟,,,true,false,true,true,false
Href link,false,https://teznevisan3.com/statistical-analysis/,200,https://teznevisan3.com/wp-login.php?action=lostpassword&redirect_to=https%3A%2F%2Fteznevisan3.com,200,رمز عبور را فراموش کرده اید؟,,,true,false,true,true,false
Href link,false,https://teznevisan3.com/about/,200,https://teznevisan3.com/wp-login.php?action=lostpassword&redirect_to=https%3A%2F%2Fteznevisan3.com,200,رمز عبور را فراموش کرده اید؟,,,true,false,true,true,false
Href link,false,https://teznevisan3.com/finite-element-method/,200,https://teznevisan3.com/wp-login.php?action=lostpassword&redirect_to=https%3A%2F%2Fteznevisan3.com,200,رمز عبور را فراموش کرده اید؟,,,true,false,true,true,false
Href link,false,https://teznevisan3.com/hiring/,200,https://teznevisan3.com/wp-login.php?action=lostpassword&redirect_to=https%3A%2F%2Fteznevisan3.com,200,رمز عبور را فراموش کرده اید؟,,,true,false,true,true,false
Href link,false,https://teznevisan3.com/wp-login.php,200,https://teznevisan3.com/wp-login.php?action=lostpassword,200,رمز عبورتان را گم کرده‌اید؟,,,true,true,true,true,false
Href link,false,https://teznevisan3.com/statistical-analysis/,200,https://apastyle.apa.org/,200,استانداردهای گزارش‌دهی آماری APA,,,true,false,true,true,false
Href link,false,https://teznevisan3.com/disseertation-topic/,200,https://teznevisan3.com/wp-login.php?action=lostpassword&redirect_to=https%3A%2F%2Fteznevisan3.com,200,رمز عبور را فراموش کرده اید؟,,,true,false,true,true,false
Href link,false,https://teznevisan3.com/writing-paper/,200,https://apastyle.apa.org/,200,استانداردهای نگارش علمی APA,,,true,false,true,true,false
Href link,false,https://teznevisan3.com/research-methodology/,200,https://teznevisan3.com/wp-login.php?action=lostpassword&redirect_to=https%3A%2F%2Fteznevisan3.com,200,رمز عبور را فراموش کرده اید؟,,,true,false,true,true,false
Href link,false,https://teznevisan3.com/thesis-writing-duration/,200,https://teznevisan3.com/wp-login.php?action=lostpassword&redirect_to=https%3A%2F%2Fteznevisan3.com,200,رمز عبور را فراموش کرده اید؟,,,true,false,true,true,false
Href link,false,https://teznevisan3.com/withdraw-from-university/,200,https://teznevisan3.com/wp-login.php?action=lostpassword&redirect_to=https%3A%2F%2Fteznevisan3.com,200,رمز عبور را فراموش کرده اید؟,,,true,false,true,true,false
Href link,false,https://teznevisan3.com/operation-research/,200,https://teznevisan3.com/wp-login.php?action=lostpassword&redirect_to=https%3A%2F%2Fteznevisan3.com,200,رمز عبور را فراموش کرده اید؟,,,true,false,true,true,false
Href link,false,https://teznevisan3.com/wp-login.php?action=lostpassword,200,https://teznevisan3.com/wp-login.php,200,ورود,,,true,true,true,true,false
Href link,false,https://teznevisan3.com/proposal/phd/,200,https://teznevisan3.com/wp-login.php?action=lostpassword&redirect_to=https%3A%2F%2Fteznevisan3.com,200,رمز عبور را فراموش کرده اید؟,,,true,false,true,true,false
Href link,false,https://teznevisan3.com/matlab/,200,https://teznevisan3.com/wp-login.php?action=lostpassword&redirect_to=https%3A%2F%2Fteznevisan3.com,200,رمز عبور را فراموش کرده اید؟,,,true,false,true,true,false
Href link,false,https://teznevisan3.com/research-methodology-tutorials/,200,https://teznevisan3.com/wp-login.php?action=lostpassword&redirect_to=https%3A%2F%2Fteznevisan3.com,200,رمز عبور را فراموش کرده اید؟,,,true,false,true,true,false
Href link,false,https://teznevisan3.com/acknowledgement/,200,https://teznevisan3.com/wp-login.php?action=lostpassword&redirect_to=https%3A%2F%2Fteznevisan3.com,200,رمز عبور را فراموش کرده اید؟,,,true,false,true,true,false
Href link,false,https://teznevisan3.com/statistical-analysis/spss/,200,https://teznevisan3.com/wp-login.php?action=lostpassword&redirect_to=https%3A%2F%2Fteznevisan3.com,200,رمز عبور را فراموش کرده اید؟,,,true,false,true,true,false
Href link,false,https://teznevisan3.com/writing-paper/conference-proceedings/,200,https://teznevisan3.com/wp-login.php?action=lostpassword&redirect_to=https%3A%2F%2Fteznevisan3.com,200,رمز عبور را فراموش کرده اید؟,,,true,false,true,true,false
Href link,false,https://teznevisan3.com/writing-english-isi-papers/,200,https://teznevisan3.com/wp-login.php?action=lostpassword&redirect_to=https%3A%2F%2Fteznevisan3.com,200,رمز عبور را فراموش کرده اید؟,,,true,false,true,true,false
Href link,false,https://teznevisan3.com/wp-login.php?action=lostpassword&redirect_to=https%3A%2F%2Fteznevisan3.com,200,https://teznevisan3.com/wp-login.php,200,ورود,,,true,true,true,true,false
Href link,false,https://teznevisan3.com/inquiry/,200,https://teznevisan3.com/wp-login.php?action=lostpassword&redirect_to=https%3A%2F%2Fteznevisan3.com,200,رمز عبور را فراموش کرده اید؟,,,true,false,true,true,false
Href link,false,https://teznevisan3.com/research-paper-for-apply/,200,https://teznevisan3.com/wp-login.php?action=lostpassword&redirect_to=https%3A%2F%2Fteznevisan3.com,200,رمز عبور را فراموش کرده اید؟,,,true,false,true,true,false
Href link,false,https://teznevisan3.com/thesis-to-book/,200,https://teznevisan3.com/wp-login.php?action=lostpassword&redirect_to=https%3A%2F%2Fteznevisan3.com,200,رمز عبور را فراموش کرده اید؟,,,true,false,true,true,false
Href link,false,https://teznevisan3.com/contact-us/,200,https://teznevisan3.com/wp-login.php?action=lostpassword&redirect_to=https%3A%2F%2Fteznevisan3.com,200,رمز عبور را فراموش کرده اید؟,,,true,false,true,true,false
Href link,false,https://teznevisan3.com/writing-thesis/phd/,200,https://teznevisan3.com/wp-login.php?action=lostpassword&redirect_to=https%3A%2F%2Fteznevisan3.com,200,رمز عبور را فراموش کرده اید؟,,,true,false,true,true,false
Href link,false,https://teznevisan3.com/difference-between-job-student-cv/,200,https://teznevisan3.com/wp-login.php?action=lostpassword&redirect_to=https%3A%2F%2Fteznevisan3.com,200,رمز عبور را فراموش کرده اید؟,,,true,false,true,true,false
Href link,false,https://teznevisan3.com/correlation-research/,200,https://teznevisan3.com/wp-login.php?action=lostpassword&redirect_to=https%3A%2F%2Fteznevisan3.com,200,رمز عبور را فراموش کرده اید؟,,,true,false,true,true,false
Href link,false,https://teznevisan3.com/true-research/,200,https://teznevisan3.com/wp-login.php?action=lostpassword&redirect_to=https%3A%2F%2Fteznevisan3.com,200,رمز عبور را فراموش کرده اید؟,,,true,false,true,true,false
Href link,false,https://teznevisan3.com/writing-thesis/phd/,200,https://apastyle.apa.org/,200,استانداردهای APA ویرایش هفتم,,,true,false,true,true,false
Href link,false,https://teznevisan3.com/how-to-find-base-research-paper/,200,https://teznevisan3.com/wp-login.php?action=lostpassword&redirect_to=https%3A%2F%2Fteznevisan3.com,200,رمز عبور را فراموش کرده اید؟,,,true,false,true,true,false
Href link,false,https://teznevisan3.com/complaint/,200,https://teznevisan3.com/wp-login.php?action=lostpassword&redirect_to=https%3A%2F%2Fteznevisan3.com,200,رمز عبور را فراموش کرده اید؟,,,true,false,true,true,false
Href link,false,https://teznevisan3.com/abaqus/,200,https://teznevisan3.com/simulation/,200,انجام شبیه سازی,,,true,false,true,true,false
Href link,false,https://teznevisan3.com/simulation/,200,https://teznevisan3.com/wp-login.php?action=lostpassword&redirect_to=https%3A%2F%2Fteznevisan3.com,200,رمز عبور را فراموش کرده اید؟,,,true,true,true,true,false
Href link,false,https://teznevisan3.com/paper/,200,https://teznevisan3.com/wp-login.php?action=lostpassword&redirect_to=https%3A%2F%2Fteznevisan3.com,200,رمز عبور را فراموش کرده اید؟,,,true,false,true,true,false
Href link,false,https://teznevisan3.com/writing-paper/review-paper/,200,https://teznevisan3.com/wp-login.php?action=lostpassword&redirect_to=https%3A%2F%2Fteznevisan3.com,200,رمز عبور را فراموش کرده اید؟,,,true,false,true,true,false
Href link,false,https://teznevisan3.com/thesis-with-ai/,200,https://teznevisan3.com/wp-login.php?action=lostpassword&redirect_to=https%3A%2F%2Fteznevisan3.com,200,رمز عبور را فراموش کرده اید؟,,,true,false,true,true,false
Href link,false,https://teznevisan3.com/optimisation/,200,https://teznevisan3.com/wp-login.php?action=lostpassword&redirect_to=https%3A%2F%2Fteznevisan3.com,200,رمز عبور را فراموش کرده اید؟,,,true,false,true,true,false
