Link type,Is nofollow,Source URL,Source HTTP status code,Target URL,Target HTTP status code,Anchor,Alt attribute,Hreflang attribute,Is source canonical,Is source noindex
Href link,false,https://teznevisan3.com/minitab/,200,https://teznevisan3.com/assignments/,404,انجام پروژه دانشجویی,,,true,false
Image,false,https://teznevisan3.com/finite-element-method/,200,https://teznevisan3.com/wp-content/uploads/2024/10/Screenshot-2024-10-11-145041.png,404,,عنصر سطح گسسته سازی,,true,false
Image,false,https://teznevisan3.com/optimisation/,200,https://teznevisan3.com/wp-content/uploads/2024/08/What-is-Optimization.png,404,,بهینه سازی چیست؟,,true,false
Href link,false,https://teznevisan3.com/operation-research/,200,https://teznevisan3.com/assignments/,404,انجام پروژه,,,true,false
Href link,false,https://teznevisan3.com/writing-paper/conference-proceedings/,200,https://civilica.com/authors,404,Civilica Guidelines,,,true,false
Href link,false,https://teznevisan3.com/minitab/,200,https://example.edu/standards,404,استانداردهای پایان‌نامه پژوهشی دانشگاه‌ها و مراکز علمی,,,true,false
Href link,false,https://teznevisan3.com/writing-paper/conference-proceedings/,200,https://civilica.com/guide,404,راهنمای نگارش مقاله کنفرانسی,,,true,false
Href link,false,https://teznevisan3.com/writing-paper/review-paper/,200,https://civilica.com/prisma,404,استانداردهای گزارش‌دهی مرورها,,,true,false
Href link,false,https://teznevisan3.com/writing-paper/isi/,200,https://clarivate.com/jcr,404,Journal Citation Reports,,,true,false
Image,false,https://teznevisan3.com/academic-research-dictionary/,200,https://teznevisan3.com/wp-content/uploads/2025/02/Journal-Terminology.webp,404,,واژه‌نامه پژوهش,,true,false
Image,false,https://teznevisan3.com/finite-element-method/,200,https://teznevisan3.com/wp-content/uploads/2024/10/Screenshot-2024-10-11-145819.png,404,,ماتریس جهانی,,true,false
Href link,false,https://teznevisan3.com/statistical-population/,200,https://teznevisan3.com/isi-paper/,404,انجام مقاله,,,true,false
Href link,false,https://teznevisan3.com/writing-english-isi-papers/,200,https://teznevisan3.com/paper-writing/,404,مقاله,,,true,false
Href link,false,https://teznevisan3.com/how-to-write-review-paper/,200,https://teznevisan3.com/review-article/,404,نگارش مقاله مروری,,,true,false
Href link,false,https://teznevisan3.com/statistical-population/,200,https://teznevisan3.com/master-thesis/,404,انجام پایان نامه ارشد,,,true,false
Href link,false,https://teznevisan3.com/research-paper-for-apply/,200,https://teznevisan3.com/publish-paper/,404,چاپ مقاله,,,true,false
Href link,false,https://teznevisan3.com/python/,200,https://teznevisan3.com/assignments/,404,انجام پروژه,,,true,false
Href link,false,https://teznevisan3.com/research-paper-for-apply/,200,https://teznevisan3.com/paper-writing/,404,مقاله,,,true,false
Href link,false,https://teznevisan3.com/citation/,200,https://teznevisan3.com/assignments/,404,انجام پروژه‌ های دانشجویی,,,true,false
Href link,false,https://teznevisan3.com/writing-paper/review-paper/,200,https://ipm.ir/review-guide,404,راهنمای مرور سیستماتیک پژوهشگاه علوم,,,true,false
Href link,false,https://teznevisan3.com/academic-research-dictionary/,200,https://teznevisan3.com/research-reasoning-logic/,404,استدلال منطقی,,,true,false
Href link,false,https://teznevisan3.com/optimisation/,200,https://teznevisan3.com/assignments/,404,سفارش انجام پروژه,,,true,false
Href link,false,https://teznevisan3.com/become-researcher/,200,https://teznevisan3.com/master-thesis/,404,انجام پایان نامه کارشناسی ارشد,,,true,false
Href link,false,https://teznevisan3.com/how-to-write-thesis/,200,https://teznevisan3.com/proposal-writing/,404,پروپوزال,,,true,false
Href link,false,https://teznevisan3.com/true-research/,200,https://teznevisan3.com/isi-paper/,404,انجام مقاله,,,true,false
Image,false,https://teznevisan3.com/plagiarism-check/,200,https://teznevisan3.com/wp-content/uploads/2023/01/PLAGIARISM-CHECK.png,404,,بررسی و رفع سرقت ادبی,,true,false
Image,false,https://teznevisan3.com/academic-research-dictionary/,200,https://teznevisan3.com/wp-content/uploads/2025/02/Scientific-Terminology.webp,404,,واژگان کلیدی نگارش علمی,,true,false
Image,false,https://teznevisan3.com/finite-element-method/,200,https://teznevisan3.com/wp-content/uploads/2024/10/Screenshot-2024-10-11-145631.png,404,,عنصر جامد گسسته سازی,,true,false
Image,false,https://teznevisan3.com/academic-research-dictionary/,200,https://teznevisan3.com/wp-content/uploads/2025/02/Terminology-of-Academic-Writing.webp,404,,اصطلاحات تخصصی پژوهش,,true,false
Href link,false,https://teznevisan3.com/extracting-paper-from-dissertation/,200,https://teznevisan3.com/isi-paper/,404,انجام مقاله ISI,,,true,false
Href link,false,https://teznevisan3.com/case-study/,200,https://teznevisan3.com/isi-paper/,404,انجام مقاله ISI,,,true,false
Href link,false,https://teznevisan3.com/python/,200,https://docs.python.org/fa/3/,404,مستندات رسمی Python,,,true,false
Href link,false,https://teznevisan3.com/become-researcher/,200,https://teznevisan3.com/paper-writing/,404,مقاله,,,true,false
Href link,false,https://teznevisan3.com/abaqus/,200,https://abaqus-docs.mit.edu/,403,کتاب تحلیل المان محدود با Abaqus,,,true,false
Href link,false,https://teznevisan3.com/contact-us/,200,https://teznevisan3.com/faq,404,مشاهده همه سوالات,,,true,false
Href link,false,https://teznevisan3.com/how-to-write-review-paper/,200,https://teznevisan3.com/paper-writing/,404,مقاله,,,true,false
Href link,false,https://teznevisan3.com/acknowledgement/,200,https://teznevisan3.com/master-thesis/,404,انجام پایان نامه ارشد,,,true,false
Href link,false,https://teznevisan3.com/research-methodology/,200,https://teznevisan3.com/publish-paper/,404,چاپ مقاله,,,true,false
Href link,false,https://teznevisan3.com/qualitative-method/,200,https://teznevisan3.com/isi-paper/,404,نگارش مقاله ISI,,,true,false
Image,false,https://teznevisan3.com/how-to-write-thesis/,200,https://teznevisan3.com/wp-content/uploads/2023/02/thesis-writing-guide.png,404,,راهنمای انجام پایان نامه تز نویسان,,true,false
Image,false,https://teznevisan3.com/finite-element-method/,200,https://teznevisan3.com/wp-content/uploads/2024/10/Contact-1.png,404,,آموزش روش المان محدود,,true,false
Image,false,https://teznevisan3.com/optimisation/,200,https://teznevisan3.com/wp-content/uploads/2024/08/Best-Optimizing-institute.png,404,,سفارش پروژه بهینه سازی,,true,false
Image,false,https://teznevisan3.com/academic-research-dictionary/,200,https://teznevisan3.com/wp-content/uploads/2025/02/Scholarly-Writing-Vocabulary.webp,404,,فرهنگ اصطلاحات پایان‌نامه نویسی,,true,false
Href link,false,https://teznevisan3.com/correlation-research/,200,https://teznevisan3.com/isi-paper/,404,انجام مقاله,,,true,false
Href link,false,https://teznevisan3.com/citation/,200,https://teznevisan3.com/isi-paper/,404,انجام مقاله,,,true,false
Image,false,https://teznevisan3.com/military-services-project/,200,https://teznevisan3.com/wp-content/uploads/2023/01/military-services.png,404,,انجام پروژه کسری خدمت سربازی,,true,false
Image,false,https://teznevisan3.com/withdraw-from-university/,200,https://teznevisan3.com/wp-content/uploads/2024/10/WithdrawContact.png,404,,WithdrawContact,,true,false
Image,false,https://teznevisan3.com/plagiarism-check/,200,https://teznevisan3.com/wp-content/uploads/2023/01/similarity-check.png,404,,کاهش درصد همانندجویی,,true,false
Href link,false,https://teznevisan3.com/how-to-search-research-paper/,200,https://teznevisan3.com/isi-paper/,404,انجام مقاله ISI,,,true,false
Href link,false,https://teznevisan3.com/finite-element-method/,200,https://teznevisan3.com/statistical-analysis/ansys-fluent-2/,404,انجام پروژه انسیس (Ansys),,,true,false
Href link,false,https://teznevisan3.com/academic-research-dictionary/,200,https://teznevisan3.com/conference-paper/,404,مقاله کنفرانسی,,,true,false
Image,false,https://teznevisan3.com/academic-research-dictionary/,200,https://teznevisan3.com/wp-content/uploads/2025/02/Dissertation-Terminology.webp,404,,اصطلاح‌نامه نگارش آکادمیک,,true,false
Image,false,https://teznevisan3.com/finite-element-method/,200,https://teznevisan3.com/wp-content/uploads/2024/10/Screenshot-2024-10-11-144849.png,404,,عنصر خطی گسسته سازی,,true,false
Href link,false,https://teznevisan3.com/abaqus/,200,https://teznevisan3.com/assignments/,404,انجام پروژه دانشجویی,,,true,false
Href link,false,https://teznevisan3.com/military-services-project/,200,https://teznevisan3.com/assignments/,404,انجام پروژه دانشجویی,,,true,false
Image,false,https://teznevisan3.com/academic-research-dictionary/,200,https://teznevisan3.com/wp-content/uploads/2025/02/Research-Glossary.webp,404,,کلیدواژگان چاپ مقاله,,true,false
Href link,false,https://teznevisan3.com/hiring/,200,https://teznevisan3.com/paper-writing/,404,انجام مقاله,,,true,false
Href link,false,https://teznevisan3.com/research-methodology/,200,https://teznevisan3.com/assignments/,404,انجام پروژه دانشجویی,,,true,false
Href link,false,https://teznevisan3.com/disseertation-topic/,200,https://teznevisan3.com/master-thesis/,404,انجام پایان نامه ارشد,,,true,false
