Link type,Is nofollow,Source URL,Source HTTP status code,Target URL,Target HTTP status code,Target no-crawl reason,Alt attribute,Is source canonical,Is source noindex,Is link self-referencing
Image,false,https://teznevisan3.com/writing-thesis/,200,https://teznevisan3.com/wp-content/uploads/logo/teznevisan.svg,200,,موسسه تزنویسان,true,false,false
Image,false,https://teznevisan3.com/thesis-writing-tutorials/,200,https://teznevisan3.com/wp-content/uploads/logo/teznevisan.svg,200,,موسسه تزنویسان,true,false,false
Image,false,https://teznevisan3.com/correlation-research/,200,https://teznevisan3.com/wp-content/themes/jannah/assets/images/logo.png,,Blocked by robots.txt,موسسه تزنویسان,true,false,false
Image,false,https://teznevisan3.com/python/,200,https://teznevisan3.com/wp-content/themes/jannah/assets/images/logo.png,,Blocked by robots.txt,موسسه تزنویسان,true,false,false
Image,false,https://teznevisan3.com/academic-research-dictionary/,200,https://teznevisan3.com/wp-content/themes/jannah/assets/images/logo.png,,Blocked by robots.txt,موسسه تزنویسان,true,false,false
Image,false,https://teznevisan3.com/case-study/,200,https://teznevisan3.com/wp-content/uploads/logo/white.svg,200,,موسسه تزنویسان,true,false,false
Image,false,https://teznevisan3.com/writing-paper/isc/,200,https://teznevisan3.com/wp-content/uploads/logo/white.svg,200,,موسسه تزنویسان,true,false,false
Image,false,https://teznevisan3.com/qualitative-method/,200,https://teznevisan3.com/wp-content/uploads/logo/teznevisan.svg,200,,موسسه تزنویسان,true,false,false
Image,false,https://teznevisan3.com/statistical-population/,200,https://teznevisan3.com/wp-content/uploads/2023/05/81a531ab-d876-45f1-86cf-0a03217545f7-390x220.webp,200,,"فرضیه علی, فرضیه علت و معلولی, آموزش فرضیه علی",true,false,false
Image,false,https://teznevisan3.com/citation/,200,https://secure.gravatar.com/avatar/3f65587ed4453bdaa42e64dd59709dd3c5b0353246e4fb63211bee9f6d63d937?s=140&d=mm&r=g,,Crawl speed is too limited,تصویر admin,true,false,false
Image,false,https://teznevisan3.com/statistical-analysis/spss/,200,https://teznevisan3.com/wp-content/uploads/logo/teznevisan.svg,200,,موسسه تزنویسان,true,false,false
Image,false,https://teznevisan3.com/correlation-research/,200,https://teznevisan3.com/wp-content/uploads/logo/white.svg,200,,موسسه تزنویسان,true,false,false
Image,false,https://teznevisan3.com/research-paper-for-apply/,200,https://teznevisan3.com/wp-content/uploads/logo/teznevisan.svg,200,,موسسه تزنویسان,true,false,false
Image,false,https://teznevisan3.com/research-methodology/,200,https://teznevisan3.com/wp-content/uploads/2023/05/81a531ab-d876-45f1-86cf-0a03217545f7-390x220.webp,200,,"فرضیه علی, فرضیه علت و معلولی, آموزش فرضیه علی",true,false,false
Image,false,https://teznevisan3.com/withdraw-from-university/,200,https://teznevisan3.com/wp-content/uploads/logo/teznevisan.svg,200,,موسسه تزنویسان,true,false,false
Image,false,https://teznevisan3.com/writing-english-isi-papers/,200,https://secure.gravatar.com/avatar/3f65587ed4453bdaa42e64dd59709dd3c5b0353246e4fb63211bee9f6d63d937?s=140&d=mm&r=g,,Crawl speed is too limited,تصویر admin,true,false,false
Image,false,https://teznevisan3.com/how-to-write-thesis/,200,https://teznevisan3.com/wp-content/themes/jannah/assets/images/logo.png,,Blocked by robots.txt,موسسه تزنویسان,true,false,false
Image,false,https://teznevisan3.com/writing-thesis/master/,200,https://teznevisan3.com/wp-content/themes/jannah/assets/images/logo.png,,Blocked by robots.txt,موسسه تزنویسان,true,false,false
Image,false,https://teznevisan3.com/about/,200,https://teznevisan3.com/wp-content/uploads/logo/white.svg,200,,موسسه تزنویسان,true,false,false
Image,false,https://teznevisan3.com/finite-element-method/,200,https://teznevisan3.com/wp-content/uploads/2024/10/Screenshot-2024-10-11-145041.png,404,,عنصر سطح گسسته سازی,true,false,false
Image,false,https://teznevisan3.com/research-types/,200,https://secure.gravatar.com/avatar/3f65587ed4453bdaa42e64dd59709dd3c5b0353246e4fb63211bee9f6d63d937?s=180&d=mm&r=g,,Crawl speed is too limited,تصویر admin,true,false,false
Image,false,https://teznevisan3.com/paper-writing-tutorials/,200,https://teznevisan3.com/wp-content/themes/jannah/assets/images/logo.png,,Blocked by robots.txt,موسسه تزنویسان,true,false,false
Image,false,https://teznevisan3.com/statistical-analysis/,200,https://teznevisan3.com/wp-content/uploads/logo/white.svg,200,,موسسه تزنویسان,true,false,false
Image,false,https://teznevisan3.com/correlation-research/,200,https://secure.gravatar.com/avatar/3f65587ed4453bdaa42e64dd59709dd3c5b0353246e4fb63211bee9f6d63d937?s=140&d=mm&r=g,,Crawl speed is too limited,تصویر admin,true,false,false
Image,false,https://teznevisan3.com/plagiarism-check/,200,https://teznevisan3.com/wp-content/uploads/logo/white.svg,200,,موسسه تزنویسان,true,false,false
Image,false,https://teznevisan3.com/blog/,200,https://teznevisan3.com/wp-content/uploads/logo/teznevisan.svg,200,,موسسه تزنویسان,true,false,false
Image,false,https://teznevisan3.com/statistical-population/,200,https://secure.gravatar.com/avatar/3f65587ed4453bdaa42e64dd59709dd3c5b0353246e4fb63211bee9f6d63d937?s=180&d=mm&r=g,,Crawl speed is too limited,تصویر admin,true,false,false
Image,false,https://teznevisan3.com/optimisation/,200,https://teznevisan3.com/wp-content/uploads/2024/08/What-is-Optimization.png,404,,بهینه سازی چیست؟,true,false,false
Image,false,https://teznevisan3.com/causal-comparative-research/,200,https://secure.gravatar.com/avatar/3f65587ed4453bdaa42e64dd59709dd3c5b0353246e4fb63211bee9f6d63d937?s=180&d=mm&r=g,,Crawl speed is too limited,تصویر admin,true,false,false
Image,false,https://teznevisan3.com/correlation-research/,200,https://teznevisan3.com/wp-content/uploads/logo/teznevisan.svg,200,,موسسه تزنویسان,true,false,false
Image,false,https://teznevisan3.com/research-types/,200,https://teznevisan3.com/wp-content/uploads/logo/teznevisan.svg,200,,موسسه تزنویسان,true,false,false
Image,false,https://teznevisan3.com/writing-thesis/master/,200,https://teznevisan3.com/wp-content/uploads/logo/teznevisan.svg,200,,موسسه تزنویسان,true,false,false
Image,false,https://teznevisan3.com/python/,200,https://teznevisan3.com/wp-content/uploads/logo/teznevisan.svg,200,,موسسه تزنویسان,true,false,false
Image,false,https://teznevisan3.com/researach-hypothesis/,200,https://secure.gravatar.com/avatar/3f65587ed4453bdaa42e64dd59709dd3c5b0353246e4fb63211bee9f6d63d937?s=180&d=mm&r=g,,Crawl speed is too limited,تصویر admin,true,false,false
Image,false,https://teznevisan3.com/academic-research-dictionary/,200,https://secure.gravatar.com/avatar/3f65587ed4453bdaa42e64dd59709dd3c5b0353246e4fb63211bee9f6d63d937?s=140&d=mm&r=g,,Crawl speed is too limited,تصویر admin,true,false,false
Image,false,https://teznevisan3.com/difference-between-job-student-cv/,200,https://secure.gravatar.com/avatar/3f65587ed4453bdaa42e64dd59709dd3c5b0353246e4fb63211bee9f6d63d937?s=140&d=mm&r=g,,Crawl speed is too limited,تصویر admin,true,false,false
Image,false,https://teznevisan3.com/paper/,200,https://teznevisan3.com/wp-content/themes/jannah/assets/images/logo.png,,Blocked by robots.txt,موسسه تزنویسان,true,false,false
Image,false,https://teznevisan3.com/paper-writing-tutorials/,200,https://teznevisan3.com/wp-content/uploads/logo/teznevisan.svg,200,,موسسه تزنویسان,true,false,false
Image,false,https://teznevisan3.com/writing-paper/isc/,200,https://teznevisan3.com/wp-content/uploads/logo/teznevisan.svg,200,,موسسه تزنویسان,true,false,false
Image,false,https://teznevisan3.com/about/,200,https://teznevisan3.com/wp-content/uploads/logo/teznevisan.svg,200,,موسسه تزنویسان,true,false,false
Image,false,https://teznevisan3.com/difference-between-job-student-cv/,200,https://teznevisan3.com/wp-content/themes/jannah/assets/images/logo.png,,Blocked by robots.txt,موسسه تزنویسان,true,false,false
Image,false,https://teznevisan3.com/how-to-find-base-research-paper/,200,https://teznevisan3.com/wp-content/uploads/logo/white.svg,200,,موسسه تزنویسان,true,false,false
Image,false,https://teznevisan3.com/paper-writing-tutorials/,200,https://teznevisan3.com/wp-content/uploads/logo/white.svg,200,,موسسه تزنویسان,true,false,false
Image,false,https://teznevisan3.com/assignment-writing/,200,https://teznevisan3.com/wp-content/uploads/logo/white.svg,200,,موسسه تزنویسان,true,false,false
Image,false,https://teznevisan3.com/qualitative-method/,200,https://secure.gravatar.com/avatar/3f65587ed4453bdaa42e64dd59709dd3c5b0353246e4fb63211bee9f6d63d937?s=180&d=mm&r=g,,Crawl speed is too limited,تصویر admin,true,false,false
Image,false,https://teznevisan3.com/writing-paper/,200,https://teznevisan3.com/wp-content/themes/jannah/assets/images/logo.png,,Blocked by robots.txt,موسسه تزنویسان,true,false,false
Image,false,https://teznevisan3.com/acknowledgement/,200,https://teznevisan3.com/wp-content/uploads/logo/teznevisan.svg,200,,موسسه تزنویسان,true,false,false
Image,false,https://teznevisan3.com/research-methodology/,200,https://secure.gravatar.com/avatar/3f65587ed4453bdaa42e64dd59709dd3c5b0353246e4fb63211bee9f6d63d937?s=140&d=mm&r=g,,Crawl speed is too limited,تصویر admin,true,false,false
Image,false,https://teznevisan3.com/extracting-paper-from-dissertation/,200,https://teznevisan3.com/wp-content/themes/jannah/assets/images/logo.png,,Blocked by robots.txt,موسسه تزنویسان,true,false,false
Image,false,https://teznevisan3.com/operation-research/,200,https://teznevisan3.com/wp-content/themes/jannah/assets/images/logo.png,,Blocked by robots.txt,موسسه تزنویسان,true,false,false
Image,false,https://teznevisan3.com/writing-paper/review-paper/,200,https://teznevisan3.com/wp-content/themes/jannah/assets/images/logo.png,,Blocked by robots.txt,موسسه تزنویسان,true,false,false
Image,false,https://teznevisan3.com/contact-us/,200,https://teznevisan3.com/wp-content/uploads/logo/teznevisan.svg,200,,موسسه تزنویسان,true,false,false
Image,false,https://teznevisan3.com/statistical-analysis/sas/,200,https://teznevisan3.com/wp-content/themes/jannah/assets/images/logo.png,,Blocked by robots.txt,موسسه تزنویسان,true,false,false
Image,false,https://teznevisan3.com/writing-paper/isi/,200,https://teznevisan3.com/wp-content/themes/jannah/assets/images/logo.png,,Blocked by robots.txt,موسسه تزنویسان,true,false,false
Image,false,https://teznevisan3.com/withdraw-from-university/,200,https://secure.gravatar.com/avatar/3f65587ed4453bdaa42e64dd59709dd3c5b0353246e4fb63211bee9f6d63d937?s=180&d=mm&r=g,,Crawl speed is too limited,تصویر admin,true,false,false
Image,false,https://teznevisan3.com/become-researcher/,200,https://teznevisan3.com/wp-content/uploads/2023/05/81a531ab-d876-45f1-86cf-0a03217545f7-390x220.webp,200,,"فرضیه علی, فرضیه علت و معلولی, آموزش فرضیه علی",true,false,false
Image,false,https://teznevisan3.com/how-to-write-thesis/,200,https://secure.gravatar.com/avatar/3f65587ed4453bdaa42e64dd59709dd3c5b0353246e4fb63211bee9f6d63d937?s=140&d=mm&r=g,,Crawl speed is too limited,تصویر admin,true,false,false
Image,false,https://teznevisan3.com/extracting-paper-from-dissertation/,200,https://teznevisan3.com/wp-content/uploads/logo/white.svg,200,,موسسه تزنویسان,true,false,false
Image,false,https://teznevisan3.com/plagiarism-check/,200,https://secure.gravatar.com/avatar/3f65587ed4453bdaa42e64dd59709dd3c5b0353246e4fb63211bee9f6d63d937?s=180&d=mm&r=g,,Crawl speed is too limited,تصویر admin,true,false,false
Image,false,https://teznevisan3.com/become-researcher/,200,https://secure.gravatar.com/avatar/3f65587ed4453bdaa42e64dd59709dd3c5b0353246e4fb63211bee9f6d63d937?s=180&d=mm&r=g,,Crawl speed is too limited,تصویر admin,true,false,false
Image,false,https://teznevisan3.com/true-research/,200,https://secure.gravatar.com/avatar/3f65587ed4453bdaa42e64dd59709dd3c5b0353246e4fb63211bee9f6d63d937?s=180&d=mm&r=g,,Crawl speed is too limited,تصویر admin,true,false,false
Image,false,https://teznevisan3.com/proposal/,200,https://teznevisan3.com/wp-content/uploads/logo/white.svg,200,,موسسه تزنویسان,true,false,false
Image,false,https://teznevisan3.com/difference-between-job-student-cv/,200,https://secure.gravatar.com/avatar/3f65587ed4453bdaa42e64dd59709dd3c5b0353246e4fb63211bee9f6d63d937?s=180&d=mm&r=g,,Crawl speed is too limited,تصویر admin,true,false,false
Image,false,https://teznevisan3.com/thesis-writing-tutorials/,200,https://teznevisan3.com/wp-content/uploads/logo/white.svg,200,,موسسه تزنویسان,true,false,false
Image,false,https://teznevisan3.com/about/,200,https://teznevisan3.com/wp-content/themes/jannah/assets/images/logo.png,,Blocked by robots.txt,موسسه تزنویسان,true,false,false
Image,false,https://teznevisan3.com/complaint/,200,https://secure.gravatar.com/avatar/736d67be315db046ae4232cf3e48c74b3e57767956fbc890308f01fcad5a2ff8?s=70&d=mm&r=g,,Crawl speed is too limited,,true,false,false
Image,false,https://teznevisan3.com/academic-research-dictionary/,200,https://teznevisan3.com/wp-content/uploads/2025/02/Journal-Terminology.webp,404,,واژه‌نامه پژوهش,true,false,false
Image,false,https://teznevisan3.com/thesis-writing-duration/,200,https://secure.gravatar.com/avatar/3f65587ed4453bdaa42e64dd59709dd3c5b0353246e4fb63211bee9f6d63d937?s=140&d=mm&r=g,,Crawl speed is too limited,تصویر admin,true,false,false
Image,false,https://teznevisan3.com/finite-element-method/,200,https://teznevisan3.com/wp-content/uploads/2024/10/Screenshot-2024-10-11-145819.png,404,,ماتریس جهانی,true,false,false
Image,false,https://teznevisan3.com/hiring/,200,https://teznevisan3.com/wp-content/uploads/logo/white.svg,200,,موسسه تزنویسان,true,false,false
Image,false,https://teznevisan3.com/how-to-write-review-paper/,200,https://secure.gravatar.com/avatar/3f65587ed4453bdaa42e64dd59709dd3c5b0353246e4fb63211bee9f6d63d937?s=140&d=mm&r=g,,Crawl speed is too limited,تصویر admin,true,false,false
Image,false,https://teznevisan3.com/causal-comparative-research/,200,https://teznevisan3.com/wp-content/uploads/logo/white.svg,200,,موسسه تزنویسان,true,false,false
Image,false,https://teznevisan3.com/researach-hypothesis/,200,https://secure.gravatar.com/avatar/3f65587ed4453bdaa42e64dd59709dd3c5b0353246e4fb63211bee9f6d63d937?s=140&d=mm&r=g,,Crawl speed is too limited,تصویر admin,true,false,false
Image,false,https://teznevisan3.com/writing-paper/isi/,200,https://teznevisan3.com/wp-content/uploads/logo/white.svg,200,,موسسه تزنویسان,true,false,false
Image,false,https://teznevisan3.com/citation/,200,https://teznevisan3.com/wp-content/uploads/logo/white.svg,200,,موسسه تزنویسان,true,false,false
Image,false,https://teznevisan3.com/case-study/,200,https://secure.gravatar.com/avatar/3f65587ed4453bdaa42e64dd59709dd3c5b0353246e4fb63211bee9f6d63d937?s=180&d=mm&r=g,,Crawl speed is too limited,تصویر admin,true,false,false
Image,false,https://teznevisan3.com/correlation-research/,200,https://secure.gravatar.com/avatar/3f65587ed4453bdaa42e64dd59709dd3c5b0353246e4fb63211bee9f6d63d937?s=180&d=mm&r=g,,Crawl speed is too limited,تصویر admin,true,false,false
Image,false,https://teznevisan3.com/statistical-analysis/,200,https://teznevisan3.com/wp-content/uploads/logo/teznevisan.svg,200,,موسسه تزنویسان,true,false,false
Image,false,https://teznevisan3.com/minitab/,200,https://teznevisan3.com/wp-content/themes/jannah/assets/images/logo.png,,Blocked by robots.txt,موسسه تزنویسان,true,false,false
Image,false,https://teznevisan3.com/inquiry/,200,https://teznevisan3.com/wp-content/uploads/logo/teznevisan.svg,200,,موسسه تزنویسان,true,false,false
Image,false,https://teznevisan3.com/complaint/,200,https://teznevisan3.com/wp-content/themes/jannah/assets/images/logo.png,,Blocked by robots.txt,موسسه تزنویسان,true,false,false
Image,false,https://teznevisan3.com/writing-paper/conference-proceedings/,200,https://teznevisan3.com/wp-content/uploads/logo/teznevisan.svg,200,,موسسه تزنویسان,true,false,false
Image,false,https://teznevisan3.com/research-methodology/,200,https://teznevisan3.com/wp-content/uploads/logo/teznevisan.svg,200,,موسسه تزنویسان,true,false,false
Image,false,https://teznevisan3.com/writing-english-isi-papers/,200,https://secure.gravatar.com/avatar/3f65587ed4453bdaa42e64dd59709dd3c5b0353246e4fb63211bee9f6d63d937?s=70&d=mm&r=g,,Crawl speed is too limited,,true,false,false
Image,false,https://teznevisan3.com/qualitative-method/,200,https://secure.gravatar.com/avatar/3f65587ed4453bdaa42e64dd59709dd3c5b0353246e4fb63211bee9f6d63d937?s=140&d=mm&r=g,,Crawl speed is too limited,تصویر admin,true,false,false
Image,false,https://teznevisan3.com/writing-english-isi-papers/,200,https://teznevisan3.com/wp-content/uploads/logo/white.svg,200,,موسسه تزنویسان,true,false,false
Image,false,https://teznevisan3.com/difference-between-job-student-cv/,200,https://teznevisan3.com/wp-content/uploads/logo/white.svg,200,,موسسه تزنویسان,true,false,false
Image,false,https://teznevisan3.com/thesis-writing-tutorials/,200,https://teznevisan3.com/wp-content/themes/jannah/assets/images/logo.png,,Blocked by robots.txt,موسسه تزنویسان,true,false,false
Image,false,https://teznevisan3.com/minitab/,200,https://teznevisan3.com/wp-content/uploads/logo/teznevisan.svg,200,,موسسه تزنویسان,true,false,false
Image,false,https://teznevisan3.com/proposal/phd/,200,https://teznevisan3.com/wp-content/uploads/logo/teznevisan.svg,200,,موسسه تزنویسان,true,false,false
Image,false,https://teznevisan3.com/true-research/,200,https://teznevisan3.com/wp-content/uploads/2023/05/81a531ab-d876-45f1-86cf-0a03217545f7-390x220.webp,200,,"فرضیه علی, فرضیه علت و معلولی, آموزش فرضیه علی",true,false,false
Image,false,https://teznevisan3.com/become-researcher/,200,https://teznevisan3.com/wp-content/uploads/logo/teznevisan.svg,200,,موسسه تزنویسان,true,false,false
Image,false,https://teznevisan3.com/research-paper-for-apply/,200,https://secure.gravatar.com/avatar/3f65587ed4453bdaa42e64dd59709dd3c5b0353246e4fb63211bee9f6d63d937?s=180&d=mm&r=g,,Crawl speed is too limited,تصویر admin,true,false,false
Image,false,https://teznevisan3.com/disseertation-topic/,200,https://teznevisan3.com/wp-content/themes/jannah/assets/images/logo.png,,Blocked by robots.txt,موسسه تزنویسان,true,false,false
Image,false,https://teznevisan3.com/acknowledgement/,200,https://secure.gravatar.com/avatar/3f65587ed4453bdaa42e64dd59709dd3c5b0353246e4fb63211bee9f6d63d937?s=180&d=mm&r=g,,Crawl speed is too limited,تصویر admin,true,false,false
Image,false,https://teznevisan3.com/withdraw-from-university/,200,https://teznevisan3.com/wp-content/themes/jannah/assets/images/logo.png,,Blocked by robots.txt,موسسه تزنویسان,true,false,false
Image,false,https://teznevisan3.com/thesis-to-book/,200,https://teznevisan3.com/wp-content/uploads/logo/white.svg,200,,موسسه تزنویسان,true,false,false
Image,false,https://teznevisan3.com/writing-paper/isc/,200,https://teznevisan3.com/wp-content/themes/jannah/assets/images/logo.png,,Blocked by robots.txt,موسسه تزنویسان,true,false,false
Image,false,https://teznevisan3.com/true-research/,200,https://teznevisan3.com/wp-content/uploads/logo/white.svg,200,,موسسه تزنویسان,true,false,false
Image,false,https://teznevisan3.com/complaint/,200,https://teznevisan3.com/wp-content/uploads/logo/teznevisan.svg,200,,موسسه تزنویسان,true,false,false
Image,false,https://teznevisan3.com/blog/,200,https://teznevisan3.com/wp-content/themes/jannah/assets/images/logo.png,,Blocked by robots.txt,موسسه تزنویسان,true,false,false
Image,false,https://teznevisan3.com/python/,200,https://teznevisan3.com/wp-content/uploads/logo/white.svg,200,,موسسه تزنویسان,true,false,false
Image,false,https://teznevisan3.com/how-to-search-research-paper/,200,https://secure.gravatar.com/avatar/3f65587ed4453bdaa42e64dd59709dd3c5b0353246e4fb63211bee9f6d63d937?s=140&d=mm&r=g,,Crawl speed is too limited,تصویر admin,true,false,false
Image,false,https://teznevisan3.com/writing-english-isi-papers/,200,https://secure.gravatar.com/avatar/3f65587ed4453bdaa42e64dd59709dd3c5b0353246e4fb63211bee9f6d63d937?s=180&d=mm&r=g,,Crawl speed is too limited,تصویر admin,true,false,false
Image,false,https://teznevisan3.com/how-to-search-research-paper/,200,https://teznevisan3.com/wp-content/uploads/logo/teznevisan.svg,200,,موسسه تزنویسان,true,false,false
Image,false,https://teznevisan3.com/case-study/,200,https://secure.gravatar.com/avatar/3f65587ed4453bdaa42e64dd59709dd3c5b0353246e4fb63211bee9f6d63d937?s=140&d=mm&r=g,,Crawl speed is too limited,تصویر admin,true,false,false
Image,false,https://teznevisan3.com/writing-paper/,200,https://teznevisan3.com/wp-content/uploads/logo/white.svg,200,,موسسه تزنویسان,true,false,false
Image,false,https://teznevisan3.com/blog/,200,https://teznevisan3.com/wp-content/uploads/logo/white.svg,200,,موسسه تزنویسان,true,false,false
Image,false,https://teznevisan3.com/research-types/,200,https://teznevisan3.com/wp-content/uploads/logo/white.svg,200,,موسسه تزنویسان,true,false,false
Image,false,https://teznevisan3.com/causal-comparative-research/,200,https://teznevisan3.com/wp-content/uploads/2023/05/81a531ab-d876-45f1-86cf-0a03217545f7-780x470.webp,200,,"فرضیه علی, فرضیه علت و معلولی, آموزش فرضیه علی",true,false,false
Image,false,https://teznevisan3.com/finite-element-method/,200,https://secure.gravatar.com/avatar/3f65587ed4453bdaa42e64dd59709dd3c5b0353246e4fb63211bee9f6d63d937?s=140&d=mm&r=g,,Crawl speed is too limited,تصویر admin,true,false,false
Image,false,https://teznevisan3.com/statistical-analysis/spss/,200,https://teznevisan3.com/wp-content/uploads/logo/white.svg,200,,موسسه تزنویسان,true,false,false
Image,false,https://teznevisan3.com/citation/,200,https://teznevisan3.com/wp-content/themes/jannah/assets/images/logo.png,,Blocked by robots.txt,موسسه تزنویسان,true,false,false
Image,false,https://teznevisan3.com/research-methodology-tutorials/,200,https://teznevisan3.com/wp-content/uploads/logo/white.svg,200,,موسسه تزنویسان,true,false,false
Image,false,https://teznevisan3.com/become-researcher/,200,https://teznevisan3.com/wp-content/uploads/logo/white.svg,200,,موسسه تزنویسان,true,false,false
Image,false,https://teznevisan3.com/simulation/,200,https://teznevisan3.com/wp-content/themes/jannah/assets/images/logo.png,,Blocked by robots.txt,موسسه تزنویسان,true,true,false
Image,false,https://teznevisan3.com/how-to-find-base-research-paper/,200,https://secure.gravatar.com/avatar/3f65587ed4453bdaa42e64dd59709dd3c5b0353246e4fb63211bee9f6d63d937?s=140&d=mm&r=g,,Crawl speed is too limited,تصویر admin,true,false,false
Image,false,https://teznevisan3.com/how-to-find-base-research-paper/,200,https://teznevisan3.com/wp-content/themes/jannah/assets/images/logo.png,,Blocked by robots.txt,موسسه تزنویسان,true,false,false
Image,false,https://teznevisan3.com/how-to-write-review-paper/,200,https://teznevisan3.com/wp-content/uploads/logo/teznevisan.svg,200,,موسسه تزنویسان,true,false,false
Image,false,https://teznevisan3.com/writing-thesis/phd/,200,https://teznevisan3.com/wp-content/uploads/logo/teznevisan.svg,200,,موسسه تزنویسان,true,false,false
Image,false,https://teznevisan3.com/disseertation-topic/,200,https://teznevisan3.com/wp-content/uploads/logo/teznevisan.svg,200,,موسسه تزنویسان,true,false,false
Image,false,https://teznevisan3.com/thesis/,200,https://teznevisan3.com/wp-content/themes/jannah/assets/images/logo.png,,Blocked by robots.txt,موسسه تزنویسان,true,false,false
Image,false,https://teznevisan3.com/researach-hypothesis/,200,https://teznevisan3.com/wp-content/themes/jannah/assets/images/logo.png,,Blocked by robots.txt,موسسه تزنویسان,true,false,false
Image,false,https://teznevisan3.com/become-researcher/,200,https://secure.gravatar.com/avatar/3f65587ed4453bdaa42e64dd59709dd3c5b0353246e4fb63211bee9f6d63d937?s=140&d=mm&r=g,,Crawl speed is too limited,تصویر admin,true,false,false
Image,false,https://teznevisan3.com/thesis/,200,https://teznevisan3.com/wp-content/uploads/logo/white.svg,200,,موسسه تزنویسان,true,false,false
Image,false,https://teznevisan3.com/difference-between-job-student-cv/,200,https://teznevisan3.com/wp-content/uploads/logo/teznevisan.svg,200,,موسسه تزنویسان,true,false,false
Image,false,https://teznevisan3.com/acknowledgement/,200,https://teznevisan3.com/wp-content/themes/jannah/assets/images/logo.png,,Blocked by robots.txt,موسسه تزنویسان,true,false,false
Image,false,https://teznevisan3.com/citation/,200,https://teznevisan3.com/wp-content/uploads/logo/teznevisan.svg,200,,موسسه تزنویسان,true,false,false
Image,false,https://teznevisan3.com/minitab/,200,https://teznevisan3.com/wp-content/uploads/logo/white.svg,200,,موسسه تزنویسان,true,false,false
Image,false,https://teznevisan3.com/causal-comparative-research/,200,https://teznevisan3.com/wp-content/themes/jannah/assets/images/logo.png,,Blocked by robots.txt,موسسه تزنویسان,true,false,false
Image,false,https://teznevisan3.com/writing-thesis/,200,https://teznevisan3.com/wp-content/themes/jannah/assets/images/logo.png,,Blocked by robots.txt,موسسه تزنویسان,true,false,false
Image,false,https://teznevisan3.com/writing-paper/conference-proceedings/,200,https://teznevisan3.com/wp-content/themes/jannah/assets/images/logo.png,,Blocked by robots.txt,موسسه تزنویسان,true,false,false
Image,false,https://teznevisan3.com/finite-element-method/,200,https://teznevisan3.com/wp-content/themes/jannah/assets/images/logo.png,,Blocked by robots.txt,موسسه تزنویسان,true,false,false
Image,false,https://teznevisan3.com/plagiarism-check/,200,https://teznevisan3.com/wp-content/uploads/2023/01/PLAGIARISM-CHECK.png,404,,بررسی و رفع سرقت ادبی,true,false,false
Image,false,https://teznevisan3.com/writing-paper/review-paper/,200,https://teznevisan3.com/wp-content/uploads/logo/white.svg,200,,موسسه تزنویسان,true,false,false
Image,false,https://teznevisan3.com/research-paper-for-apply/,200,https://teznevisan3.com/wp-content/themes/jannah/assets/images/logo.png,,Blocked by robots.txt,موسسه تزنویسان,true,false,false
Image,false,https://teznevisan3.com/acknowledgement/,200,https://teznevisan3.com/wp-content/uploads/logo/white.svg,200,,موسسه تزنویسان,true,false,false
Image,false,https://teznevisan3.com/writing-paper/,200,https://teznevisan3.com/wp-content/uploads/logo/teznevisan.svg,200,,موسسه تزنویسان,true,false,false
Image,false,https://teznevisan3.com/statistical-population/,200,https://teznevisan3.com/wp-content/uploads/logo/white.svg,200,,موسسه تزنویسان,true,false,false
Image,false,https://teznevisan3.com/research-types/,200,https://teznevisan3.com/wp-content/themes/jannah/assets/images/logo.png,,Blocked by robots.txt,موسسه تزنویسان,true,false,false
Image,false,https://teznevisan3.com/causal-comparative-research/,200,https://secure.gravatar.com/avatar/3f65587ed4453bdaa42e64dd59709dd3c5b0353246e4fb63211bee9f6d63d937?s=140&d=mm&r=g,,Crawl speed is too limited,تصویر admin,true,false,false
Image,false,https://teznevisan3.com/proposal/,200,https://teznevisan3.com/wp-content/uploads/logo/teznevisan.svg,200,,موسسه تزنویسان,true,false,false
Image,false,https://teznevisan3.com/academic-research-dictionary/,200,https://teznevisan3.com/wp-content/uploads/logo/teznevisan.svg,200,,موسسه تزنویسان,true,false,false
Image,false,https://teznevisan3.com/thesis-with-ai/,200,https://secure.gravatar.com/avatar/3f65587ed4453bdaa42e64dd59709dd3c5b0353246e4fb63211bee9f6d63d937?s=140&d=mm&r=g,,Crawl speed is too limited,تصویر admin,true,false,false
Image,false,https://teznevisan3.com/abaqus/,200,https://teznevisan3.com/wp-content/uploads/logo/teznevisan.svg,200,,موسسه تزنویسان,true,false,false
Image,false,https://teznevisan3.com/research-methodology-tutorials/,200,https://teznevisan3.com/wp-content/uploads/logo/teznevisan.svg,200,,موسسه تزنویسان,true,false,false
Image,false,https://teznevisan3.com/disseertation-topic/,200,https://secure.gravatar.com/avatar/3f65587ed4453bdaa42e64dd59709dd3c5b0353246e4fb63211bee9f6d63d937?s=140&d=mm&r=g,,Crawl speed is too limited,تصویر admin,true,false,false
Image,false,https://teznevisan3.com/withdraw-from-university/,200,https://secure.gravatar.com/avatar/3f65587ed4453bdaa42e64dd59709dd3c5b0353246e4fb63211bee9f6d63d937?s=140&d=mm&r=g,,Crawl speed is too limited,تصویر admin,true,false,false
Image,false,https://teznevisan3.com/thesis-with-ai/,200,https://teznevisan3.com/wp-content/uploads/logo/teznevisan.svg,200,,موسسه تزنویسان,true,false,false
Image,false,https://teznevisan3.com/statistical-population/,200,https://teznevisan3.com/wp-content/themes/jannah/assets/images/logo.png,,Blocked by robots.txt,موسسه تزنویسان,true,false,false
Image,false,https://teznevisan3.com/optimisation/,200,https://teznevisan3.com/wp-content/uploads/logo/white.svg,200,,موسسه تزنویسان,true,false,false
Image,false,https://teznevisan3.com/academic-research-dictionary/,200,https://teznevisan3.com/wp-content/uploads/2025/02/Scientific-Terminology.webp,404,,واژگان کلیدی نگارش علمی,true,false,false
Image,false,https://teznevisan3.com/plagiarism-check/,200,https://teznevisan3.com/wp-content/themes/jannah/assets/images/logo.png,,Blocked by robots.txt,موسسه تزنویسان,true,false,false
Image,false,https://teznevisan3.com/finite-element-method/,200,https://teznevisan3.com/wp-content/uploads/2024/10/Screenshot-2024-10-11-145631.png,404,,عنصر جامد گسسته سازی,true,false,false
Image,false,https://teznevisan3.com/how-to-search-research-paper/,200,https://secure.gravatar.com/avatar/3f65587ed4453bdaa42e64dd59709dd3c5b0353246e4fb63211bee9f6d63d937?s=180&d=mm&r=g,,Crawl speed is too limited,تصویر admin,true,false,false
Image,false,https://teznevisan3.com/simulation/,200,https://teznevisan3.com/wp-content/uploads/logo/white.svg,200,,موسسه تزنویسان,true,true,false
Image,false,https://teznevisan3.com/academic-research-dictionary/,200,https://teznevisan3.com/wp-content/uploads/2025/02/Terminology-of-Academic-Writing.webp,404,,اصطلاحات تخصصی پژوهش,true,false,false
Image,false,https://teznevisan3.com/proposal/,200,https://teznevisan3.com/wp-content/themes/jannah/assets/images/logo.png,,Blocked by robots.txt,موسسه تزنویسان,true,false,false
Image,false,https://teznevisan3.com/thesis-to-book/,200,https://secure.gravatar.com/avatar/3f65587ed4453bdaa42e64dd59709dd3c5b0353246e4fb63211bee9f6d63d937?s=180&d=mm&r=g,,Crawl speed is too limited,تصویر admin,true,false,false
Image,false,https://teznevisan3.com/case-study/,200,https://teznevisan3.com/wp-content/uploads/logo/teznevisan.svg,200,,موسسه تزنویسان,true,false,false
Image,false,https://teznevisan3.com/optimisation/,200,https://teznevisan3.com/wp-content/themes/jannah/assets/images/logo.png,,Blocked by robots.txt,موسسه تزنویسان,true,false,false
Image,false,https://teznevisan3.com/inquiry/,200,https://teznevisan3.com/wp-content/themes/jannah/assets/images/logo.png,,Blocked by robots.txt,موسسه تزنویسان,true,false,false
Image,false,https://teznevisan3.com/,200,https://teznevisan3.com/wp-content/uploads/logo/teznevisan.svg,200,,موسسه تزنویسان,true,false,false
Image,false,https://teznevisan3.com/paper/,200,https://teznevisan3.com/wp-content/uploads/logo/teznevisan.svg,200,,موسسه تزنویسان,true,false,false
Image,false,https://teznevisan3.com/inquiry/,200,https://teznevisan3.com/wp-content/uploads/logo/white.svg,200,,موسسه تزنویسان,true,false,false
Image,false,https://teznevisan3.com/case-study/,200,https://teznevisan3.com/wp-content/themes/jannah/assets/images/logo.png,,Blocked by robots.txt,موسسه تزنویسان,true,false,false
Image,false,https://teznevisan3.com/military-services-project/,200,https://teznevisan3.com/wp-content/uploads/logo/white.svg,200,,موسسه تزنویسان,true,false,false
Image,false,https://teznevisan3.com/acknowledgement/,200,https://secure.gravatar.com/avatar/3f65587ed4453bdaa42e64dd59709dd3c5b0353246e4fb63211bee9f6d63d937?s=140&d=mm&r=g,,Crawl speed is too limited,تصویر admin,true,false,false
Image,false,https://teznevisan3.com/thesis-to-book/,200,https://secure.gravatar.com/avatar/3f65587ed4453bdaa42e64dd59709dd3c5b0353246e4fb63211bee9f6d63d937?s=140&d=mm&r=g,,Crawl speed is too limited,تصویر admin,true,false,false
Image,false,https://teznevisan3.com/extracting-paper-from-dissertation/,200,https://secure.gravatar.com/avatar/3f65587ed4453bdaa42e64dd59709dd3c5b0353246e4fb63211bee9f6d63d937?s=140&d=mm&r=g,,Crawl speed is too limited,تصویر admin,true,false,false
Image,false,https://teznevisan3.com/matlab/,200,https://teznevisan3.com/wp-content/uploads/logo/teznevisan.svg,200,,موسسه تزنویسان,true,false,false
Image,false,https://teznevisan3.com/finite-element-method/,200,https://teznevisan3.com/wp-content/uploads/logo/white.svg,200,,موسسه تزنویسان,true,false,false
Image,false,https://teznevisan3.com/hiring/,200,https://teznevisan3.com/wp-content/themes/jannah/assets/images/logo.png,,Blocked by robots.txt,موسسه تزنویسان,true,false,false
Image,false,https://teznevisan3.com/writing-paper/conference-proceedings/,200,https://teznevisan3.com/wp-content/uploads/logo/white.svg,200,,موسسه تزنویسان,true,false,false
Image,false,https://teznevisan3.com/writing-thesis/phd/,200,https://teznevisan3.com/wp-content/themes/jannah/assets/images/logo.png,,Blocked by robots.txt,موسسه تزنویسان,true,false,false
Image,false,https://teznevisan3.com/thesis/,200,https://teznevisan3.com/wp-content/uploads/logo/teznevisan.svg,200,,موسسه تزنویسان,true,false,false
Image,false,https://teznevisan3.com/withdraw-from-university/,200,https://teznevisan3.com/wp-content/uploads/logo/white.svg,200,,موسسه تزنویسان,true,false,false
Image,false,https://teznevisan3.com/finite-element-method/,200,https://teznevisan3.com/wp-content/uploads/logo/teznevisan.svg,200,,موسسه تزنویسان,true,false,false
Image,false,https://teznevisan3.com/research-methodology-tutorials/,200,https://teznevisan3.com/wp-content/uploads/2023/05/81a531ab-d876-45f1-86cf-0a03217545f7-390x220.webp,200,,"فرضیه علی, فرضیه علت و معلولی, آموزش فرضیه علی",true,false,false
Image,false,https://teznevisan3.com/military-services-project/,200,https://teznevisan3.com/wp-content/uploads/logo/teznevisan.svg,200,,موسسه تزنویسان,true,false,false
Image,false,https://teznevisan3.com/complaint/,200,https://teznevisan3.com/wp-content/uploads/logo/white.svg,200,,موسسه تزنویسان,true,false,false
Image,false,https://teznevisan3.com/writing-thesis/,200,https://teznevisan3.com/wp-content/uploads/logo/white.svg,200,,موسسه تزنویسان,true,false,false
Image,false,https://teznevisan3.com/how-to-write-thesis/,200,https://teznevisan3.com/wp-content/uploads/logo/teznevisan.svg,200,,موسسه تزنویسان,true,false,false
Image,false,https://teznevisan3.com/statistical-analysis/,200,https://teznevisan3.com/wp-content/themes/jannah/assets/images/logo.png,,Blocked by robots.txt,موسسه تزنویسان,true,false,false
Image,false,https://teznevisan3.com/how-to-write-thesis/,200,https://teznevisan3.com/wp-content/uploads/2023/02/thesis-writing-guide.png,404,,راهنمای انجام پایان نامه تز نویسان,true,false,false
Image,false,https://teznevisan3.com/academic-research-dictionary/,200,https://secure.gravatar.com/avatar/3f65587ed4453bdaa42e64dd59709dd3c5b0353246e4fb63211bee9f6d63d937?s=180&d=mm&r=g,,Crawl speed is too limited,تصویر admin,true,false,false
Image,false,https://teznevisan3.com/assignment-writing/,200,https://teznevisan3.com/wp-content/uploads/logo/teznevisan.svg,200,,موسسه تزنویسان,true,false,false
Image,false,https://teznevisan3.com/finite-element-method/,200,https://teznevisan3.com/wp-content/uploads/2024/10/Contact-1.png,404,,آموزش روش المان محدود,true,false,false
Image,false,https://teznevisan3.com/assignment-writing/,200,https://teznevisan3.com/wp-content/themes/jannah/assets/images/logo.png,,Blocked by robots.txt,موسسه تزنویسان,true,false,false
Image,false,https://teznevisan3.com/optimisation/,200,https://teznevisan3.com/wp-content/uploads/2024/08/Best-Optimizing-institute.png,404,,سفارش پروژه بهینه سازی,true,false,false
Image,false,https://teznevisan3.com/academic-research-dictionary/,200,https://teznevisan3.com/wp-content/uploads/2025/02/Scholarly-Writing-Vocabulary.webp,404,,فرهنگ اصطلاحات پایان‌نامه نویسی,true,false,false
Image,false,https://teznevisan3.com/statistical-population/,200,https://secure.gravatar.com/avatar/3f65587ed4453bdaa42e64dd59709dd3c5b0353246e4fb63211bee9f6d63d937?s=140&d=mm&r=g,,Crawl speed is too limited,تصویر admin,true,false,false
Image,false,https://teznevisan3.com/disseertation-topic/,200,https://teznevisan3.com/wp-content/uploads/logo/white.svg,200,,موسسه تزنویسان,true,false,false
Image,false,https://teznevisan3.com/writing-english-isi-papers/,200,https://teznevisan3.com/wp-content/themes/jannah/assets/images/logo.png,,Blocked by robots.txt,موسسه تزنویسان,true,false,false
Image,false,https://teznevisan3.com/military-services-project/,200,https://teznevisan3.com/wp-content/uploads/2023/01/military-services.png,404,,انجام پروژه کسری خدمت سربازی,true,false,false
Image,false,https://teznevisan3.com/statistical-analysis/sas/,200,https://teznevisan3.com/wp-content/uploads/logo/teznevisan.svg,200,,موسسه تزنویسان,true,false,false
Image,false,https://teznevisan3.com/thesis-to-book/,200,https://teznevisan3.com/wp-content/themes/jannah/assets/images/logo.png,,Blocked by robots.txt,موسسه تزنویسان,true,false,false
Image,false,https://teznevisan3.com/extracting-paper-from-dissertation/,200,https://secure.gravatar.com/avatar/3f65587ed4453bdaa42e64dd59709dd3c5b0353246e4fb63211bee9f6d63d937?s=180&d=mm&r=g,,Crawl speed is too limited,تصویر admin,true,false,false
Image,false,https://teznevisan3.com/withdraw-from-university/,200,https://teznevisan3.com/wp-content/uploads/2024/10/WithdrawContact.png,404,,WithdrawContact,true,false,false
Image,false,https://teznevisan3.com/thesis-with-ai/,200,https://teznevisan3.com/wp-content/uploads/logo/white.svg,200,,موسسه تزنویسان,true,false,false
Image,false,https://teznevisan3.com/plagiarism-check/,200,https://teznevisan3.com/wp-content/uploads/2023/01/similarity-check.png,404,,کاهش درصد همانندجویی,true,false,false
Image,false,https://teznevisan3.com/statistical-analysis/sas/,200,https://teznevisan3.com/wp-content/uploads/logo/white.svg,200,,موسسه تزنویسان,true,false,false
Image,false,https://teznevisan3.com/how-to-write-review-paper/,200,https://secure.gravatar.com/avatar/3f65587ed4453bdaa42e64dd59709dd3c5b0353246e4fb63211bee9f6d63d937?s=180&d=mm&r=g,,Crawl speed is too limited,تصویر admin,true,false,false
Image,false,https://teznevisan3.com/abaqus/,200,https://teznevisan3.com/wp-content/themes/jannah/assets/images/logo.png,,Blocked by robots.txt,موسسه تزنویسان,true,false,false
Image,false,https://teznevisan3.com/thesis-writing-duration/,200,https://teznevisan3.com/wp-content/uploads/logo/teznevisan.svg,200,,موسسه تزنویسان,true,false,false
Image,false,https://teznevisan3.com/research-methodology-tutorials/,200,https://teznevisan3.com/wp-content/themes/jannah/assets/images/logo.png,,Blocked by robots.txt,موسسه تزنویسان,true,false,false
Image,false,https://teznevisan3.com/optimisation/,200,https://teznevisan3.com/wp-content/uploads/logo/teznevisan.svg,200,,موسسه تزنویسان,true,false,false
Image,false,https://teznevisan3.com/how-to-write-thesis/,200,https://secure.gravatar.com/avatar/3f65587ed4453bdaa42e64dd59709dd3c5b0353246e4fb63211bee9f6d63d937?s=180&d=mm&r=g,,Crawl speed is too limited,تصویر admin,true,false,false
Image,false,https://teznevisan3.com/causal-comparative-research/,200,https://teznevisan3.com/wp-content/uploads/logo/teznevisan.svg,200,,موسسه تزنویسان,true,false,false
Image,false,https://teznevisan3.com/causal-comparative-research/,200,https://teznevisan3.com/wp-content/uploads/2023/05/Screenshot.webp,200,,انواع متغیر ها، متغیر های وابسته، متغیر های مستقل و سایر,true,false,false
Image,false,https://teznevisan3.com/writing-thesis/master/,200,https://teznevisan3.com/wp-content/uploads/logo/white.svg,200,,موسسه تزنویسان,true,false,false
Image,false,https://teznevisan3.com/become-researcher/,200,https://teznevisan3.com/wp-content/themes/jannah/assets/images/logo.png,,Blocked by robots.txt,موسسه تزنویسان,true,false,false
Image,false,https://teznevisan3.com/thesis-to-book/,200,https://teznevisan3.com/wp-content/uploads/logo/teznevisan.svg,200,,موسسه تزنویسان,true,false,false
Image,false,https://teznevisan3.com/citation/,200,https://secure.gravatar.com/avatar/3f65587ed4453bdaa42e64dd59709dd3c5b0353246e4fb63211bee9f6d63d937?s=180&d=mm&r=g,,Crawl speed is too limited,تصویر admin,true,false,false
Image,false,https://teznevisan3.com/research-methodology/,200,https://secure.gravatar.com/avatar/3f65587ed4453bdaa42e64dd59709dd3c5b0353246e4fb63211bee9f6d63d937?s=180&d=mm&r=g,,Crawl speed is too limited,تصویر admin,true,false,false
Image,false,https://teznevisan3.com/academic-research-dictionary/,200,https://teznevisan3.com/wp-content/uploads/logo/white.svg,200,,موسسه تزنویسان,true,false,false
Image,false,https://teznevisan3.com/academic-research-dictionary/,200,https://teznevisan3.com/wp-content/uploads/2025/02/Dissertation-Terminology.webp,404,,اصطلاح‌نامه نگارش آکادمیک,true,false,false
Image,false,https://teznevisan3.com/thesis-writing-duration/,200,https://teznevisan3.com/wp-content/themes/jannah/assets/images/logo.png,,Blocked by robots.txt,موسسه تزنویسان,true,false,false
Image,false,https://teznevisan3.com/finite-element-method/,200,https://teznevisan3.com/wp-content/uploads/2024/10/Screenshot-2024-10-11-144849.png,404,,عنصر خطی گسسته سازی,true,false,false
Image,false,https://teznevisan3.com/disseertation-topic/,200,https://secure.gravatar.com/avatar/3f65587ed4453bdaa42e64dd59709dd3c5b0353246e4fb63211bee9f6d63d937?s=180&d=mm&r=g,,Crawl speed is too limited,تصویر admin,true,false,false
Image,false,https://teznevisan3.com/proposal/phd/,200,https://teznevisan3.com/wp-content/themes/jannah/assets/images/logo.png,,Blocked by robots.txt,موسسه تزنویسان,true,false,false
Image,false,https://teznevisan3.com/research-paper-for-apply/,200,https://teznevisan3.com/wp-content/uploads/logo/white.svg,200,,موسسه تزنویسان,true,false,false
Image,false,https://teznevisan3.com/how-to-write-review-paper/,200,https://teznevisan3.com/wp-content/themes/jannah/assets/images/logo.png,,Blocked by robots.txt,موسسه تزنویسان,true,false,false
Image,false,https://teznevisan3.com/complaint/,200,https://secure.gravatar.com/avatar/81a1ee668a4d88e487cf11c356d5c0eccf206285f97a12f9ae81268eaf2f5e35?s=70&d=mm&r=g,,Crawl speed is too limited,,true,false,false
Image,false,https://teznevisan3.com/proposal/phd/,200,https://teznevisan3.com/wp-content/uploads/logo/white.svg,200,,موسسه تزنویسان,true,false,false
Image,false,https://teznevisan3.com/about/,200,https://secure.gravatar.com/avatar/21f9de1596a9020a7e9758819c79b09e220de3528fefeaaefdc1f2230608c160?s=70&d=mm&r=g,,Crawl speed is too limited,,true,false,false
Image,false,https://teznevisan3.com/qualitative-method/,200,https://teznevisan3.com/wp-content/themes/jannah/assets/images/logo.png,,Blocked by robots.txt,موسسه تزنویسان,true,false,false
Image,false,https://teznevisan3.com/paper/,200,https://teznevisan3.com/wp-content/uploads/logo/white.svg,200,,موسسه تزنویسان,true,false,false
Image,false,https://teznevisan3.com/,200,https://teznevisan3.com/wp-content/uploads/logo/white.svg,200,,موسسه تزنویسان,true,false,false
Image,false,https://teznevisan3.com/how-to-find-base-research-paper/,200,https://secure.gravatar.com/avatar/3f65587ed4453bdaa42e64dd59709dd3c5b0353246e4fb63211bee9f6d63d937?s=180&d=mm&r=g,,Crawl speed is too limited,تصویر admin,true,false,false
Image,false,https://teznevisan3.com/how-to-write-thesis/,200,https://teznevisan3.com/wp-content/uploads/logo/white.svg,200,,موسسه تزنویسان,true,false,false
Image,false,https://teznevisan3.com/operation-research/,200,https://teznevisan3.com/wp-content/uploads/logo/white.svg,200,,موسسه تزنویسان,true,false,false
Image,false,https://teznevisan3.com/statistical-population/,200,https://teznevisan3.com/wp-content/uploads/logo/teznevisan.svg,200,,موسسه تزنویسان,true,false,false
Image,false,https://teznevisan3.com/writing-paper/review-paper/,200,https://teznevisan3.com/wp-content/uploads/logo/teznevisan.svg,200,,موسسه تزنویسان,true,false,false
Image,false,https://teznevisan3.com/researach-hypothesis/,200,https://teznevisan3.com/wp-content/uploads/logo/white.svg,200,,موسسه تزنویسان,true,false,false
Image,false,https://teznevisan3.com/matlab/,200,https://teznevisan3.com/wp-content/uploads/logo/white.svg,200,,موسسه تزنویسان,true,false,false
Image,false,https://teznevisan3.com/plagiarism-check/,200,https://teznevisan3.com/wp-content/uploads/logo/teznevisan.svg,200,,موسسه تزنویسان,true,false,false
Image,false,https://teznevisan3.com/writing-paper/isi/,200,https://teznevisan3.com/wp-content/uploads/logo/teznevisan.svg,200,,موسسه تزنویسان,true,false,false
Image,false,https://teznevisan3.com/true-research/,200,https://teznevisan3.com/wp-content/uploads/logo/teznevisan.svg,200,,موسسه تزنویسان,true,false,false
Image,false,https://teznevisan3.com/thesis-writing-duration/,200,https://teznevisan3.com/wp-content/uploads/logo/white.svg,200,,موسسه تزنویسان,true,false,false
Image,false,https://teznevisan3.com/statistical-analysis/spss/,200,https://teznevisan3.com/wp-content/themes/jannah/assets/images/logo.png,,Blocked by robots.txt,موسسه تزنویسان,true,false,false
Image,false,https://teznevisan3.com/writing-english-isi-papers/,200,https://teznevisan3.com/wp-content/uploads/logo/teznevisan.svg,200,,موسسه تزنویسان,true,false,false
Image,false,https://teznevisan3.com/operation-research/,200,https://teznevisan3.com/wp-content/uploads/logo/teznevisan.svg,200,,موسسه تزنویسان,true,false,false
Image,false,https://teznevisan3.com/matlab/,200,https://teznevisan3.com/wp-content/themes/jannah/assets/images/logo.png,,Blocked by robots.txt,موسسه تزنویسان,true,false,false
Image,false,https://teznevisan3.com/writing-thesis/phd/,200,https://teznevisan3.com/wp-content/uploads/logo/white.svg,200,,موسسه تزنویسان,true,false,false
Image,false,https://teznevisan3.com/thesis-writing-duration/,200,https://secure.gravatar.com/avatar/3f65587ed4453bdaa42e64dd59709dd3c5b0353246e4fb63211bee9f6d63d937?s=180&d=mm&r=g,,Crawl speed is too limited,تصویر admin,true,false,false
Image,false,https://teznevisan3.com/academic-research-dictionary/,200,https://teznevisan3.com/wp-content/uploads/2025/02/Research-Glossary.webp,404,,کلیدواژگان چاپ مقاله,true,false,false
Image,false,https://teznevisan3.com/abaqus/,200,https://teznevisan3.com/wp-content/uploads/logo/white.svg,200,,موسسه تزنویسان,true,false,false
Image,false,https://teznevisan3.com/,200,https://teznevisan3.com/wp-content/themes/jannah/assets/images/logo.png,,Blocked by robots.txt,موسسه تزنویسان,true,false,false
Image,false,https://teznevisan3.com/research-types/,200,https://secure.gravatar.com/avatar/3f65587ed4453bdaa42e64dd59709dd3c5b0353246e4fb63211bee9f6d63d937?s=140&d=mm&r=g,,Crawl speed is too limited,تصویر admin,true,false,false
Image,false,https://teznevisan3.com/extracting-paper-from-dissertation/,200,https://teznevisan3.com/wp-content/uploads/logo/teznevisan.svg,200,,موسسه تزنویسان,true,false,false
Image,false,https://teznevisan3.com/research-paper-for-apply/,200,https://secure.gravatar.com/avatar/3f65587ed4453bdaa42e64dd59709dd3c5b0353246e4fb63211bee9f6d63d937?s=140&d=mm&r=g,,Crawl speed is too limited,تصویر admin,true,false,false
Image,false,https://teznevisan3.com/military-services-project/,200,https://teznevisan3.com/wp-content/themes/jannah/assets/images/logo.png,,Blocked by robots.txt,موسسه تزنویسان,true,false,false
Image,false,https://teznevisan3.com/research-methodology/,200,https://teznevisan3.com/wp-content/uploads/logo/white.svg,200,,موسسه تزنویسان,true,false,false
Image,false,https://teznevisan3.com/finite-element-method/,200,https://secure.gravatar.com/avatar/3f65587ed4453bdaa42e64dd59709dd3c5b0353246e4fb63211bee9f6d63d937?s=180&d=mm&r=g,,Crawl speed is too limited,تصویر admin,true,false,false
Image,false,https://teznevisan3.com/plagiarism-check/,200,https://secure.gravatar.com/avatar/3f65587ed4453bdaa42e64dd59709dd3c5b0353246e4fb63211bee9f6d63d937?s=140&d=mm&r=g,,Crawl speed is too limited,تصویر admin,true,false,false
Image,false,https://teznevisan3.com/thesis-with-ai/,200,https://teznevisan3.com/wp-content/themes/jannah/assets/images/logo.png,,Blocked by robots.txt,موسسه تزنویسان,true,false,false
Image,false,https://teznevisan3.com/true-research/,200,https://teznevisan3.com/wp-content/themes/jannah/assets/images/logo.png,,Blocked by robots.txt,موسسه تزنویسان,true,false,false
Image,false,https://teznevisan3.com/contact-us/,200,https://teznevisan3.com/wp-content/themes/jannah/assets/images/logo.png,,Blocked by robots.txt,موسسه تزنویسان,true,false,false
Image,false,https://teznevisan3.com/hiring/,200,https://teznevisan3.com/wp-content/uploads/logo/teznevisan.svg,200,,موسسه تزنویسان,true,false,false
Image,false,https://teznevisan3.com/contact-us/,200,https://teznevisan3.com/wp-content/uploads/logo/white.svg,200,,موسسه تزنویسان,true,false,false
Image,false,https://teznevisan3.com/qualitative-method/,200,https://teznevisan3.com/wp-content/uploads/logo/white.svg,200,,موسسه تزنویسان,true,false,false
Image,false,https://teznevisan3.com/how-to-write-review-paper/,200,https://teznevisan3.com/wp-content/uploads/logo/white.svg,200,,موسسه تزنویسان,true,false,false
Image,false,https://teznevisan3.com/how-to-search-research-paper/,200,https://teznevisan3.com/wp-content/uploads/logo/white.svg,200,,موسسه تزنویسان,true,false,false
Image,false,https://teznevisan3.com/simulation/,200,https://teznevisan3.com/wp-content/uploads/logo/teznevisan.svg,200,,موسسه تزنویسان,true,true,false
Image,false,https://teznevisan3.com/how-to-search-research-paper/,200,https://teznevisan3.com/wp-content/themes/jannah/assets/images/logo.png,,Blocked by robots.txt,موسسه تزنویسان,true,false,false
Image,false,https://teznevisan3.com/research-methodology/,200,https://teznevisan3.com/wp-content/themes/jannah/assets/images/logo.png,,Blocked by robots.txt,موسسه تزنویسان,true,false,false
Image,false,https://teznevisan3.com/true-research/,200,https://secure.gravatar.com/avatar/3f65587ed4453bdaa42e64dd59709dd3c5b0353246e4fb63211bee9f6d63d937?s=140&d=mm&r=g,,Crawl speed is too limited,تصویر admin,true,false,false
Image,false,https://teznevisan3.com/how-to-find-base-research-paper/,200,https://teznevisan3.com/wp-content/uploads/logo/teznevisan.svg,200,,موسسه تزنویسان,true,false,false
Image,false,https://teznevisan3.com/researach-hypothesis/,200,https://teznevisan3.com/wp-content/uploads/logo/teznevisan.svg,200,,موسسه تزنویسان,true,false,false
Image,false,https://teznevisan3.com/thesis-with-ai/,200,https://secure.gravatar.com/avatar/3f65587ed4453bdaa42e64dd59709dd3c5b0353246e4fb63211bee9f6d63d937?s=180&d=mm&r=g,,Crawl speed is too limited,تصویر admin,true,false,false
