Link type,Is nofollow,Source URL,Source HTTP status code,Target URL,Target HTTP status code,Anchor,Alt attribute,Hreflang attribute,Is source canonical,Is source noindex,Is link self-referencing
Href link,false,https://teznevisan3.com/difference-between-job-student-cv/,200,https://teznevisan3.com/2024/12/,301,دسامبر 2024,,,true,false,false
Href link,false,https://teznevisan3.com/writing-paper/,200,https://teznevisan3.com/2024/12/,301,دسامبر 2024,,,true,false,false
Href link,false,https://teznevisan3.com/how-to-write-review-paper/,200,https://teznevisan3.com/inquiry,301,ثبت سفارش,,,true,false,false
Href link,false,https://teznevisan3.com/extracting-paper-from-dissertation/,200,https://teznevisan3.com/2023/08/,301,آگوست 2023,,,true,false,false
Href link,false,https://teznevisan3.com/writing-english-isi-papers/,200,https://teznevisan3.com/2023/08/,301,آگوست 2023,,,true,false,false
Href link,false,https://teznevisan3.com/optimisation/,200,https://teznevisan3.com/2024/12/,301,دسامبر 2024,,,true,false,false
Href link,true,https://teznevisan3.com/writing-paper/conference-proceedings/,200,https://tielabs.com/go/jannah-sites-footer,301,Jannah News طراح قالب TieLabs,,,true,false,false
Href link,false,https://teznevisan3.com/how-to-write-review-paper/,200,https://teznevisan3.com/2025/02/,301,فوریه 2025,,,true,false,false
Href link,false,https://teznevisan3.com/operation-research/,200,https://teznevisan3.com/2025/02/,301,فوریه 2025,,,true,false,false
Href link,false,https://teznevisan3.com/withdraw-from-university/,200,https://teznevisan3.com/2025/03/,301,مارس 2025,,,true,false,false
Href link,false,https://teznevisan3.com/paper-writing-tutorials/,200,https://teznevisan3.com/2025/03/,301,مارس 2025,,,true,false,false
Href link,false,https://teznevisan3.com/python/,200,https://teznevisan3.com/2023/08/,301,آگوست 2023,,,true,false,false
Href link,false,https://teznevisan3.com/paper-writing-tutorials/,200,https://teznevisan3.com/2023/08/,301,آگوست 2023,,,true,false,false
Href link,false,https://teznevisan3.com/acknowledgement/,200,https://teznevisan3.com/inquiry,301,ثبت سفارش,,,true,false,false
Href link,false,https://teznevisan3.com/finite-element-method/,200,https://teznevisan3.com/2024/10/,301,اکتبر 2024,,,true,false,false
Href link,false,https://teznevisan3.com/thesis-writing-tutorials/,200,https://teznevisan3.com/2025/02/,301,فوریه 2025,,,true,false,false
Href link,false,https://teznevisan3.com/statistical-population/,200,https://teznevisan3.com/2024/12/,301,دسامبر 2024,,,true,false,false
Href link,false,https://teznevisan3.com/statistical-population/,200,https://teznevisan3.com/2025/03/,301,مارس 2025,,,true,false,false
Href link,true,https://teznevisan3.com/simulation/,200,https://tielabs.com/go/jannah-sites-footer,301,Jannah News طراح قالب TieLabs,,,true,true,false
Href link,false,https://teznevisan3.com/abaqus/,200,https://teznevisan3.com/2025/03/,301,مارس 2025,,,true,false,false
Href link,false,https://teznevisan3.com/hiring/,200,https://teznevisan3.com/2023/08/,301,آگوست 2023,,,true,false,false
Href link,false,https://teznevisan3.com/how-to-write-thesis/,200,https://teznevisan3.com/2023/05/,301,می 2023,,,true,false,false
Href link,false,https://teznevisan3.com/statistical-analysis/sas/,200,https://documentation.sas.com/,302,مستندات برنامه‌نویسی SAS,,,true,false,false
Href link,false,https://teznevisan3.com/writing-paper/isi/,200,https://teznevisan3.com/inquiry,301,ثبت سفارش,,,true,false,false
Href link,false,https://teznevisan3.com/optimisation/,200,https://teznevisan3.com/2024/10/,301,اکتبر 2024,,,true,false,false
Href link,false,https://teznevisan3.com/how-to-write-thesis/,200,https://teznevisan3.com/2024/09/,301,سپتامبر 2024,,,true,false,false
Href link,false,https://teznevisan3.com/simulation/,200,https://teznevisan3.com/2025/03/,301,مارس 2025,,,true,true,false
Href link,false,https://teznevisan3.com/writing-thesis/,200,https://teznevisan3.com/2023/05/,301,می 2023,,,true,false,false
Href link,false,https://teznevisan3.com/qualitative-method/,200,https://teznevisan3.com/2023/05/,301,می 2023,,,true,false,false
Href link,false,https://teznevisan3.com/minitab/,200,https://teznevisan3.com/2023/05/,301,می 2023,,,true,false,false
Href link,true,https://teznevisan3.com/thesis-to-book/,200,https://teznevisan3.com/thesis-to-book/?random-post=1,302,نوشته تصادفی,,,true,false,false
Href link,true,https://teznevisan3.com/hiring/,200,https://teznevisan3.com/hiring/?random-post=1,302,نوشته تصادفی,,,true,false,false
Href link,true,https://teznevisan3.com/how-to-write-review-paper/,200,https://tielabs.com/go/jannah-sites-footer,301,Jannah News طراح قالب TieLabs,,,true,false,false
Href link,false,https://teznevisan3.com/academic-research-dictionary/,200,https://teznevisan3.com/2025/02/,301,فوریه 2025,,,true,false,false
Href link,false,https://teznevisan3.com/blog/,200,https://teznevisan3.com/2024/09/,301,سپتامبر 2024,,,true,false,false
Href link,true,https://teznevisan3.com/paper-writing-tutorials/,200,https://tielabs.com/go/jannah-sites-footer,301,Jannah News طراح قالب TieLabs,,,true,false,false
Href link,false,https://teznevisan3.com/about/,200,https://teznevisan3.com/contact,301,تماس با ما,,,true,false,false
Href link,false,https://teznevisan3.com/statistical-population/,200,https://teznevisan3.com/2024/09/,301,سپتامبر 2024,,,true,false,false
Href link,false,https://teznevisan3.com/researach-hypothesis/,200,https://teznevisan3.com/interventional-research/,301,پژوهش علی,,,true,false,false
Href link,false,https://teznevisan3.com/simulation/,200,https://teznevisan3.com/inquiry,301,ثبت سفارش,,,true,true,false
Href link,true,https://teznevisan3.com/researach-hypothesis/,200,https://teznevisan3.com/researach-hypothesis/?random-post=1,302,نوشته تصادفی,,,true,false,false
Href link,false,https://teznevisan3.com/how-to-search-research-paper/,200,https://teznevisan3.com/2023/08/,301,آگوست 2023,,,true,false,false
Href link,true,https://teznevisan3.com/assignment-writing/,200,https://teznevisan3.com/assignment-writing/?random-post=1,302,نوشته تصادفی,,,true,false,false
Href link,false,https://teznevisan3.com/simulation/,200,https://teznevisan3.com/2024/10/,301,اکتبر 2024,,,true,true,false
Href link,false,https://teznevisan3.com/acknowledgement/,200,https://teznevisan3.com/2023/05/,301,می 2023,,,true,false,false
Href link,false,https://teznevisan3.com/writing-paper/review-paper/,200,https://teznevisan3.com/inquiry,301,ثبت سفارش,,,true,false,false
Href link,true,https://teznevisan3.com/minitab/,200,https://teznevisan3.com/minitab/?random-post=1,302,نوشته تصادفی,,,true,false,false
Href link,false,https://teznevisan3.com/how-to-find-base-research-paper/,200,https://teznevisan3.com/inquiry,301,ثبت سفارش,,,true,false,false
Href link,false,https://teznevisan3.com/thesis-with-ai/,200,https://teznevisan3.com/2024/10/,301,اکتبر 2024,,,true,false,false
Href link,false,https://teznevisan3.com/paper-writing-tutorials/,200,https://teznevisan3.com/2024/09/,301,سپتامبر 2024,,,true,false,false
Href link,false,https://teznevisan3.com/research-methodology/,200,https://teznevisan3.com/2023/08/,301,آگوست 2023,,,true,false,false
Href link,false,https://teznevisan3.com/hiring/,200,https://teznevisan3.com/inquiry,301,ثبت سفارش,,,true,false,false
Href link,false,https://teznevisan3.com/true-research/,200,https://teznevisan3.com/2023/05/,301,می 2023,,,true,false,false
Href link,false,https://teznevisan3.com/blog/,200,https://teznevisan3.com/2023/05/,301,می 2023,,,true,false,false
Href link,false,https://teznevisan3.com/academic-research-dictionary/,200,https://teznevisan3.com/2024/12/,301,دسامبر 2024,,,true,false,false
Href link,false,https://teznevisan3.com/statistical-analysis/sas/,200,https://teznevisan3.com/2024/10/,301,اکتبر 2024,,,true,false,false
Href link,true,https://teznevisan3.com/researach-hypothesis/,200,https://tielabs.com/go/jannah-sites-footer,301,Jannah News طراح قالب TieLabs,,,true,false,false
Href link,false,https://teznevisan3.com/how-to-search-research-paper/,200,https://teznevisan3.com/2025/03/,301,مارس 2025,,,true,false,false
Href link,false,https://teznevisan3.com/inquiry/,200,https://teznevisan3.com/2023/05/,301,می 2023,,,true,false,false
Href link,false,https://teznevisan3.com/operation-research/,200,https://teznevisan3.com/2024/10/,301,اکتبر 2024,,,true,false,false
Href link,true,https://teznevisan3.com/paper-writing-tutorials/,200,https://teznevisan3.com/paper-writing-tutorials/?random-post=1,302,نوشته تصادفی,,,true,false,false
Href link,false,https://teznevisan3.com/thesis-writing-duration/,200,https://teznevisan3.com/2025/02/,301,فوریه 2025,,,true,false,false
Href link,false,https://teznevisan3.com/researach-hypothesis/,200,https://teznevisan3.com/inquiry,301,ثبت سفارش,,,true,false,false
Href link,true,https://teznevisan3.com/writing-paper/review-paper/,200,https://teznevisan3.com/writing-paper/review-paper/?random-post=1,302,نوشته تصادفی,,,true,false,false
Href link,false,https://teznevisan3.com/writing-thesis/master/,200,https://teznevisan3.com/2025/02/,301,فوریه 2025,,,true,false,false
Href link,false,https://teznevisan3.com/how-to-find-base-research-paper/,200,https://teznevisan3.com/2023/08/,301,آگوست 2023,,,true,false,false
Href link,false,https://teznevisan3.com/minitab/,200,https://teznevisan3.com/2024/12/,301,دسامبر 2024,,,true,false,false
Href link,false,https://teznevisan3.com/thesis-to-book/,200,https://teznevisan3.com/2025/03/,301,مارس 2025,,,true,false,false
Href link,false,https://teznevisan3.com/withdraw-from-university/,200,https://teznevisan3.com/2024/09/,301,سپتامبر 2024,,,true,false,false
Href link,false,https://teznevisan3.com/disseertation-topic/,200,https://teznevisan3.com/2023/05/,301,می 2023,,,true,false,false
Href link,false,https://teznevisan3.com/case-study/,200,https://teznevisan3.com/2025/02/,301,فوریه 2025,,,true,false,false
Href link,false,https://teznevisan3.com/matlab/,200,https://teznevisan3.com/2025/02/,301,فوریه 2025,,,true,false,false
Href link,true,https://teznevisan3.com/minitab/,200,https://tielabs.com/go/jannah-sites-footer,301,Jannah News طراح قالب TieLabs,,,true,false,false
Href link,false,https://teznevisan3.com/extracting-paper-from-dissertation/,200,https://teznevisan3.com/inquiry,301,ثبت سفارش,,,true,false,false
Href link,true,https://teznevisan3.com/true-research/,200,https://tielabs.com/go/jannah-sites-footer,301,Jannah News طراح قالب TieLabs,,,true,false,false
Href link,false,https://teznevisan3.com/thesis-to-book/,200,https://teznevisan3.com/2023/05/,301,می 2023,,,true,false,false
Href link,false,https://teznevisan3.com/withdraw-from-university/,200,https://teznevisan3.com/2023/05/,301,می 2023,,,true,false,false
Href link,false,https://teznevisan3.com/extracting-paper-from-dissertation/,200,https://teznevisan3.com/2025/03/,301,مارس 2025,,,true,false,false
Href link,true,https://teznevisan3.com/how-to-write-review-paper/,200,https://teznevisan3.com/how-to-write-review-paper/?random-post=1,302,نوشته تصادفی,,,true,false,false
Href link,false,https://teznevisan3.com/military-services-project/,200,https://teznevisan3.com/2024/10/,301,اکتبر 2024,,,true,false,false
Href link,true,https://teznevisan3.com/matlab/,200,https://teznevisan3.com/matlab/?random-post=1,302,نوشته تصادفی,,,true,false,false
Href link,false,https://teznevisan3.com/paper/,200,https://teznevisan3.com/2023/08/,301,آگوست 2023,,,true,false,false
Href link,false,https://teznevisan3.com/matlab/,200,https://teznevisan3.com/2024/10/,301,اکتبر 2024,,,true,false,false
Href link,true,https://teznevisan3.com/matlab/,200,https://tielabs.com/go/jannah-sites-footer,301,Jannah News طراح قالب TieLabs,,,true,false,false
Href link,false,https://teznevisan3.com/research-paper-for-apply/,200,https://teznevisan3.com/2023/08/,301,آگوست 2023,,,true,false,false
Href link,false,https://teznevisan3.com/academic-research-dictionary/,200,https://teznevisan3.com/2024/09/,301,سپتامبر 2024,,,true,false,false
Href link,false,https://teznevisan3.com/blog/,200,https://teznevisan3.com/inquiry,301,ثبت سفارش,,,true,false,false
Href link,false,https://teznevisan3.com/statistical-analysis/sas/,200,https://teznevisan3.com/2023/05/,301,می 2023,,,true,false,false
Href link,false,https://teznevisan3.com/difference-between-job-student-cv/,200,https://teznevisan3.com/2025/03/,301,مارس 2025,,,true,false,false
Href link,false,https://teznevisan3.com/abaqus/,200,https://teznevisan3.com/2024/12/,301,دسامبر 2024,,,true,false,false
Href link,false,https://teznevisan3.com/true-research/,200,https://teznevisan3.com/2024/10/,301,اکتبر 2024,,,true,false,false
Href link,false,https://teznevisan3.com/statistical-analysis/spss/,200,https://teznevisan3.com/2025/02/,301,فوریه 2025,,,true,false,false
Href link,false,https://teznevisan3.com/writing-paper/isc/,200,https://teznevisan3.com/2025/02/,301,فوریه 2025,,,true,false,false
Href link,false,https://teznevisan3.com/writing-paper/conference-proceedings/,200,https://teznevisan3.com/inquiry,301,ثبت سفارش,,,true,false,false
Href link,true,https://teznevisan3.com/proposal/,200,https://teznevisan3.com/proposal/?random-post=1,302,نوشته تصادفی,,,true,false,false
Href link,false,https://teznevisan3.com/become-researcher/,200,https://teznevisan3.com/2023/05/,301,می 2023,,,true,false,false
Href link,false,https://teznevisan3.com/citation/,200,https://teznevisan3.com/2025/03/,301,مارس 2025,,,true,false,false
Href link,false,https://teznevisan3.com/thesis-with-ai/,200,https://teznevisan3.com/2023/05/,301,می 2023,,,true,false,false
Href link,true,https://teznevisan3.com/finite-element-method/,200,https://teznevisan3.com/finite-element-method/?random-post=1,302,نوشته تصادفی,,,true,false,false
Href link,false,https://teznevisan3.com/correlation-research/,200,https://teznevisan3.com/2024/10/,301,اکتبر 2024,,,true,false,false
Href link,true,https://teznevisan3.com/acknowledgement/,200,https://teznevisan3.com/acknowledgement/?random-post=1,302,نوشته تصادفی,,,true,false,false
Href link,false,https://teznevisan3.com/writing-paper/isi/,200,https://teznevisan3.com/2025/02/,301,فوریه 2025,,,true,false,false
Href link,false,https://teznevisan3.com/researach-hypothesis/,200,https://teznevisan3.com/2024/10/,301,اکتبر 2024,,,true,false,false
Href link,true,https://teznevisan3.com/statistical-analysis/,200,https://teznevisan3.com/statistical-analysis/?random-post=1,302,نوشته تصادفی,,,true,false,false
Href link,true,https://teznevisan3.com/python/,200,https://teznevisan3.com/python/?random-post=1,302,نوشته تصادفی,,,true,false,false
Href link,false,https://teznevisan3.com/writing-thesis/phd/,200,https://teznevisan3.com/2025/03/,301,مارس 2025,,,true,false,false
Href link,false,https://teznevisan3.com/writing-paper/isc/,200,https://teznevisan3.com/2024/12/,301,دسامبر 2024,,,true,false,false
Href link,false,https://teznevisan3.com/complaint/,200,https://teznevisan3.com/2025/02/,301,فوریه 2025,,,true,false,false
Href link,false,https://teznevisan3.com/minitab/,200,https://teznevisan3.com/2024/09/,301,سپتامبر 2024,,,true,false,false
Href link,false,https://teznevisan3.com/inquiry/,200,https://teznevisan3.com/2024/10/,301,اکتبر 2024,,,true,false,false
Href link,true,https://teznevisan3.com/statistical-population/,200,https://teznevisan3.com/statistical-population/?random-post=1,302,نوشته تصادفی,,,true,false,false
Href link,false,https://teznevisan3.com/optimisation/,200,https://springer.com/,301,کتاب الگوریتم‌های فراابتکاری,,,true,false,false
Href link,false,https://teznevisan3.com/correlation-research/,200,https://teznevisan3.com/2023/05/,301,می 2023,,,true,false,false
Href link,false,https://teznevisan3.com/minitab/,200,https://teznevisan3.com/2025/02/,301,فوریه 2025,,,true,false,false
Href link,false,https://teznevisan3.com/proposal/phd/,200,https://teznevisan3.com/2024/12/,301,دسامبر 2024,,,true,false,false
Href link,false,https://teznevisan3.com/paper/,200,https://teznevisan3.com/2024/09/,301,سپتامبر 2024,,,true,false,false
Href link,false,https://teznevisan3.com/how-to-write-review-paper/,200,https://teznevisan3.com/2024/09/,301,سپتامبر 2024,,,true,false,false
Href link,false,https://teznevisan3.com/statistical-analysis/spss/,200,https://ibm.com/spss,301,راهنمای رسمی نرم‌افزار SPSS,,,true,false,false
Href link,false,https://teznevisan3.com/statistical-analysis/sas/,200,https://teznevisan3.com/2025/02/,301,فوریه 2025,,,true,false,false
Href link,false,https://teznevisan3.com/correlation-research/,200,https://teznevisan3.com/2023/08/,301,آگوست 2023,,,true,false,false
Href link,false,https://teznevisan3.com/correlation-research/,200,https://teznevisan3.com/2024/12/,301,دسامبر 2024,,,true,false,false
Href link,true,https://teznevisan3.com/withdraw-from-university/,200,https://teznevisan3.com/withdraw-from-university/?random-post=1,302,نوشته تصادفی,,,true,false,false
Href link,true,https://teznevisan3.com/how-to-search-research-paper/,200,https://teznevisan3.com/how-to-search-research-paper/?random-post=1,302,نوشته تصادفی,,,true,false,false
Href link,false,https://teznevisan3.com/contact-us/,200,https://teznevisan3.com/inquiry,301,ثبت سفارش,,,true,false,false
Href link,false,https://teznevisan3.com/how-to-search-research-paper/,200,https://teznevisan3.com/2025/02/,301,فوریه 2025,,,true,false,false
Href link,false,https://teznevisan3.com/operation-research/,200,https://teznevisan3.com/2023/05/,301,می 2023,,,true,false,false
Href link,false,https://teznevisan3.com/statistical-analysis/,200,https://teznevisan3.com/2023/05/,301,می 2023,,,true,false,false
Href link,false,https://teznevisan3.com/writing-paper/,200,https://scopus.com/,307,راهنمای مجلات Scopus,,,true,false,false
Href link,false,https://teznevisan3.com/python/,200,https://teznevisan3.com/2024/09/,301,سپتامبر 2024,,,true,false,false
Href link,true,https://teznevisan3.com/research-methodology-tutorials/,200,https://tielabs.com/go/jannah-sites-footer,301,Jannah News طراح قالب TieLabs,,,true,false,false
Href link,true,https://teznevisan3.com/writing-paper/review-paper/,200,https://tielabs.com/go/jannah-sites-footer,301,Jannah News طراح قالب TieLabs,,,true,false,false
Href link,false,https://teznevisan3.com/research-types/,200,https://teznevisan3.com/inquiry,301,ثبت سفارش,,,true,false,false
Href link,false,https://teznevisan3.com/writing-thesis/phd/,200,https://teznevisan3.com/2023/05/,301,می 2023,,,true,false,false
Href link,false,https://teznevisan3.com/writing-thesis/,200,https://teznevisan3.com/2024/12/,301,دسامبر 2024,,,true,false,false
Href link,false,https://teznevisan3.com/researach-hypothesis/,200,https://teznevisan3.com/2023/05/,301,می 2023,,,true,false,false
Href link,false,https://teznevisan3.com/citation/,200,https://teznevisan3.com/inquiry,301,ثبت سفارش,,,true,false,false
Href link,false,https://teznevisan3.com/correlation-research/,200,https://teznevisan3.com/spss/,301,انجام SPSS,,,true,false,false
Href link,false,https://teznevisan3.com/statistical-analysis/sas/,200,https://teznevisan3.com/2023/08/,301,آگوست 2023,,,true,false,false
Href link,false,https://teznevisan3.com/difference-between-job-student-cv/,200,https://teznevisan3.com/2024/10/,301,اکتبر 2024,,,true,false,false
Href link,false,https://teznevisan3.com/researach-hypothesis/,200,https://teznevisan3.com/2024/09/,301,سپتامبر 2024,,,true,false,false
Href link,false,https://teznevisan3.com/python/,200,https://docs.djangoproject.com/fa/,302,Django Documentation,,,true,false,false
Href link,false,https://teznevisan3.com/case-study/,200,https://teznevisan3.com/inquiry,301,ثبت سفارش,,,true,false,false
Href link,true,https://teznevisan3.com/how-to-write-thesis/,200,https://tielabs.com/go/jannah-sites-footer,301,Jannah News طراح قالب TieLabs,,,true,false,false
Href link,false,https://teznevisan3.com/statistical-analysis/,200,https://teznevisan3.com/2023/08/,301,آگوست 2023,,,true,false,false
Href link,false,https://teznevisan3.com/minitab/,200,https://teznevisan3.com/2025/03/,301,مارس 2025,,,true,false,false
Href link,false,https://teznevisan3.com/writing-paper/conference-proceedings/,200,https://teznevisan3.com/2025/02/,301,فوریه 2025,,,true,false,false
Href link,false,https://teznevisan3.com/assignment-writing/,200,https://teznevisan3.com/2025/02/,301,فوریه 2025,,,true,false,false
Href link,false,https://teznevisan3.com/hiring/,200,https://teznevisan3.com/2025/02/,301,فوریه 2025,,,true,false,false
Href link,false,https://teznevisan3.com/true-research/,200,https://teznevisan3.com/2025/02/,301,فوریه 2025,,,true,false,false
Href link,false,https://teznevisan3.com/finite-element-method/,200,https://teznevisan3.com/2025/03/,301,مارس 2025,,,true,false,false
Href link,false,https://teznevisan3.com/withdraw-from-university/,200,https://teznevisan3.com/2025/02/,301,فوریه 2025,,,true,false,false
Href link,true,https://teznevisan3.com/contact-us/,200,https://tielabs.com/go/jannah-sites-footer,301,Jannah News طراح قالب TieLabs,,,true,false,false
Href link,false,https://teznevisan3.com/thesis/,200,https://teznevisan3.com/2024/10/,301,اکتبر 2024,,,true,false,false
Href link,false,https://teznevisan3.com/how-to-write-review-paper/,200,https://teznevisan3.com/2025/03/,301,مارس 2025,,,true,false,false
Href link,false,https://teznevisan3.com/how-to-write-review-paper/,200,https://teznevisan3.com/2024/12/,301,دسامبر 2024,,,true,false,false
Href link,false,https://teznevisan3.com/extracting-paper-from-dissertation/,200,https://teznevisan3.com/2024/09/,301,سپتامبر 2024,,,true,false,false
Href link,true,https://teznevisan3.com/research-types/,200,https://tielabs.com/go/jannah-sites-footer,301,Jannah News طراح قالب TieLabs,,,true,false,false
Href link,false,https://teznevisan3.com/writing-thesis/master/,200,https://teznevisan3.com/2024/09/,301,سپتامبر 2024,,,true,false,false
Href link,false,https://teznevisan3.com/about/,200,https://teznevisan3.com/2023/08/,301,آگوست 2023,,,true,false,false
Href link,false,https://teznevisan3.com/research-methodology/,200,https://teznevisan3.com/2025/03/,301,مارس 2025,,,true,false,false
Href link,true,https://teznevisan3.com/disseertation-topic/,200,https://teznevisan3.com/disseertation-topic/?random-post=1,302,نوشته تصادفی,,,true,false,false
Href link,true,https://teznevisan3.com/python/,200,https://tielabs.com/go/jannah-sites-footer,301,Jannah News طراح قالب TieLabs,,,true,false,false
Href link,false,https://teznevisan3.com/correlation-research/,200,https://teznevisan3.com/2025/02/,301,فوریه 2025,,,true,false,false
Href link,true,https://teznevisan3.com/thesis-to-book/,200,https://tielabs.com/go/jannah-sites-footer,301,Jannah News طراح قالب TieLabs,,,true,false,false
Href link,true,https://teznevisan3.com/academic-research-dictionary/,200,https://tielabs.com/go/jannah-sites-footer,301,Jannah News طراح قالب TieLabs,,,true,false,false
Href link,false,https://teznevisan3.com/finite-element-method/,200,https://teznevisan3.com/2023/05/,301,می 2023,,,true,false,false
Href link,true,https://teznevisan3.com/statistical-analysis/sas/,200,https://teznevisan3.com/statistical-analysis/sas/?random-post=1,302,نوشته تصادفی,,,true,false,false
Canonical,false,https://teznevisan3.com/2023/05/,301,https://teznevisan3.com/2023/05/,301,,,,true,false,true
Href link,false,https://teznevisan3.com/withdraw-from-university/,200,https://teznevisan3.com/2024/12/,301,دسامبر 2024,,,true,false,false
Href link,false,https://teznevisan3.com/writing-paper/,200,https://teznevisan3.com/2023/08/,301,آگوست 2023,,,true,false,false
Href link,false,https://teznevisan3.com/assignment-writing/,200,https://teznevisan3.com/2023/08/,301,آگوست 2023,,,true,false,false
Href link,false,https://teznevisan3.com/become-researcher/,200,https://teznevisan3.com/2025/03/,301,مارس 2025,,,true,false,false
Href link,false,https://teznevisan3.com/writing-thesis/,200,https://teznevisan3.com/2024/10/,301,اکتبر 2024,,,true,false,false
Href link,false,https://teznevisan3.com/become-researcher/,200,https://teznevisan3.com/2024/10/,301,اکتبر 2024,,,true,false,false
Href link,false,https://teznevisan3.com/disseertation-topic/,200,https://teznevisan3.com/2025/03/,301,مارس 2025,,,true,false,false
Href link,false,https://teznevisan3.com/how-to-write-thesis/,200,https://teznevisan3.com/2025/02/,301,فوریه 2025,,,true,false,false
Href link,false,https://teznevisan3.com/acknowledgement/,200,https://teznevisan3.com/2023/08/,301,آگوست 2023,,,true,false,false
Href link,false,https://teznevisan3.com/become-researcher/,200,https://teznevisan3.com/2024/09/,301,سپتامبر 2024,,,true,false,false
Href link,false,https://teznevisan3.com/statistical-analysis/spss/,200,https://teznevisan3.com/2023/05/,301,می 2023,,,true,false,false
Href link,false,https://teznevisan3.com/extracting-paper-from-dissertation/,200,https://teznevisan3.com/2024/12/,301,دسامبر 2024,,,true,false,false
Canonical,false,https://teznevisan3.com/2024/12/,301,https://teznevisan3.com/2024/12/,301,,,,true,false,true
Href link,true,https://teznevisan3.com/disseertation-topic/,200,https://tielabs.com/go/jannah-sites-footer,301,Jannah News طراح قالب TieLabs,,,true,false,false
Href link,false,https://teznevisan3.com/optimisation/,200,https://teznevisan3.com/2025/02/,301,فوریه 2025,,,true,false,false
Href link,false,https://teznevisan3.com/simulation/,200,https://teznevisan3.com/2024/12/,301,دسامبر 2024,,,true,true,false
Href link,true,https://teznevisan3.com/difference-between-job-student-cv/,200,https://teznevisan3.com/difference-between-job-student-cv/?random-post=1,302,نوشته تصادفی,,,true,false,false
Href link,false,https://teznevisan3.com/python/,200,https://teznevisan3.com/inquiry,301,ثبت سفارش,,,true,false,false
Href link,true,https://teznevisan3.com/proposal/phd/,200,https://tielabs.com/go/jannah-sites-footer,301,Jannah News طراح قالب TieLabs,,,true,false,false
Href link,false,https://teznevisan3.com/research-methodology/,200,https://teznevisan3.com/2023/05/,301,می 2023,,,true,false,false
Href link,false,https://teznevisan3.com/thesis/,200,https://teznevisan3.com/2023/08/,301,آگوست 2023,,,true,false,false
Href link,false,https://teznevisan3.com/military-services-project/,200,https://teznevisan3.com/2024/12/,301,دسامبر 2024,,,true,false,false
Href link,false,https://teznevisan3.com/statistical-analysis/sas/,200,https://teznevisan3.com/2025/03/,301,مارس 2025,,,true,false,false
Href link,false,https://teznevisan3.com/difference-between-job-student-cv/,200,https://teznevisan3.com/inquiry,301,ثبت سفارش,,,true,false,false
Href link,false,https://teznevisan3.com/true-research/,200,https://teznevisan3.com/2025/03/,301,مارس 2025,,,true,false,false
Href link,false,https://teznevisan3.com/inquiry/,200,https://teznevisan3.com/2023/08/,301,آگوست 2023,,,true,false,false
Href link,false,https://teznevisan3.com/statistical-analysis/spss/,200,https://teznevisan3.com/inquiry,301,ثبت سفارش,,,true,false,false
Href link,true,https://teznevisan3.com/research-methodology/,200,https://tielabs.com/go/jannah-sites-footer,301,Jannah News طراح قالب TieLabs,,,true,false,false
Href link,false,https://teznevisan3.com/writing-paper/conference-proceedings/,200,https://teznevisan3.com/2024/10/,301,اکتبر 2024,,,true,false,false
Href link,false,https://teznevisan3.com/statistical-analysis/,200,https://teznevisan3.com/2025/02/,301,فوریه 2025,,,true,false,false
Href link,true,https://teznevisan3.com/difference-between-job-student-cv/,200,https://tielabs.com/go/jannah-sites-footer,301,Jannah News طراح قالب TieLabs,,,true,false,false
Href link,false,https://teznevisan3.com/how-to-find-base-research-paper/,200,https://teznevisan3.com/2024/12/,301,دسامبر 2024,,,true,false,false
Href link,false,https://teznevisan3.com/python/,200,https://teznevisan3.com/2024/12/,301,دسامبر 2024,,,true,false,false
Href link,true,https://teznevisan3.com/abaqus/,200,https://teznevisan3.com/abaqus/?random-post=1,302,نوشته تصادفی,,,true,false,false
Href link,false,https://teznevisan3.com/writing-english-isi-papers/,200,https://teznevisan3.com/inquiry,301,ثبت سفارش,,,true,false,false
Href link,true,https://teznevisan3.com/acknowledgement/,200,https://tielabs.com/go/jannah-sites-footer,301,Jannah News طراح قالب TieLabs,,,true,false,false
Href link,false,https://teznevisan3.com/optimisation/,200,https://teznevisan3.com/2023/08/,301,آگوست 2023,,,true,false,false
Href link,false,https://teznevisan3.com/become-researcher/,200,https://teznevisan3.com/spss/,301,SPSS,,,true,false,false
Href link,false,https://teznevisan3.com/hiring/,200,https://teznevisan3.com/2023/05/,301,می 2023,,,true,false,false
Href link,false,https://teznevisan3.com/research-paper-for-apply/,200,https://teznevisan3.com/2024/09/,301,سپتامبر 2024,,,true,false,false
Href link,false,https://teznevisan3.com/how-to-write-thesis/,200,https://teznevisan3.com/2024/10/,301,اکتبر 2024,,,true,false,false
Canonical,false,https://teznevisan3.com/2025/02/,301,https://teznevisan3.com/2025/02/,301,,,,true,false,true
Href link,false,https://teznevisan3.com/proposal/,200,https://teznevisan3.com/2024/09/,301,سپتامبر 2024,,,true,false,false
Href link,false,https://teznevisan3.com/citation/,200,https://teznevisan3.com/2023/08/,301,آگوست 2023,,,true,false,false
Href link,false,https://teznevisan3.com/acknowledgement/,200,https://teznevisan3.com/2025/02/,301,فوریه 2025,,,true,false,false
Href link,false,https://teznevisan3.com/thesis-writing-tutorials/,200,https://teznevisan3.com/2023/08/,301,آگوست 2023,,,true,false,false
Href link,false,https://teznevisan3.com/researach-hypothesis/,200,https://teznevisan3.com/2025/03/,301,مارس 2025,,,true,false,false
Href link,false,https://teznevisan3.com/citation/,200,https://teznevisan3.com/2023/05/,301,می 2023,,,true,false,false
Href link,false,https://teznevisan3.com/writing-thesis/master/,200,https://teznevisan3.com/2024/10/,301,اکتبر 2024,,,true,false,false
Href link,false,https://teznevisan3.com/minitab/,200,https://teznevisan3.com/2024/10/,301,اکتبر 2024,,,true,false,false
Href link,false,https://teznevisan3.com/writing-paper/isc/,200,https://teznevisan3.com/2025/03/,301,مارس 2025,,,true,false,false
Href link,true,https://teznevisan3.com/academic-research-dictionary/,200,https://teznevisan3.com/academic-research-dictionary/?random-post=1,302,نوشته تصادفی,,,true,false,false
Href link,false,https://teznevisan3.com/statistical-analysis/spss/,200,https://teznevisan3.com/2025/03/,301,مارس 2025,,,true,false,false
Href link,false,https://teznevisan3.com/proposal/phd/,200,https://ut.ac.ir/,302,راهنمای نگارش پروپوزال دکتری - دانشگاه تهران,,,true,false,false
Href link,false,https://teznevisan3.com/writing-paper/review-paper/,200,https://teznevisan3.com/2023/05/,301,می 2023,,,true,false,false
Href link,false,https://teznevisan3.com/difference-between-job-student-cv/,200,https://teznevisan3.com/2023/08/,301,آگوست 2023,,,true,false,false
Href link,false,https://teznevisan3.com/minitab/,200,https://teznevisan3.com/2023/08/,301,آگوست 2023,,,true,false,false
Href link,false,https://teznevisan3.com/operation-research/,200,https://teznevisan3.com/2025/03/,301,مارس 2025,,,true,false,false
Href link,false,https://teznevisan3.com/proposal/phd/,200,https://researchgate.net/,301,راهنمای طراحی تحقیقات بنیادی,,,true,false,false
Href link,false,https://teznevisan3.com/qualitative-method/,200,https://teznevisan3.com/2024/10/,301,اکتبر 2024,,,true,false,false
Href link,true,https://teznevisan3.com/statistical-analysis/spss/,200,https://tielabs.com/go/jannah-sites-footer,301,Jannah News طراح قالب TieLabs,,,true,false,false
Href link,false,https://teznevisan3.com/thesis/,200,https://teznevisan3.com/2024/12/,301,دسامبر 2024,,,true,false,false
Href link,true,https://teznevisan3.com/causal-comparative-research/,200,https://teznevisan3.com/causal-comparative-research/?random-post=1,302,نوشته تصادفی,,,true,false,false
Href link,false,https://teznevisan3.com/withdraw-from-university/,200,https://teznevisan3.com/2024/10/,301,اکتبر 2024,,,true,false,false
Href link,false,https://teznevisan3.com/writing-thesis/phd/,200,https://teznevisan3.com/2023/08/,301,آگوست 2023,,,true,false,false
Href link,true,https://teznevisan3.com/writing-paper/,200,https://teznevisan3.com/writing-paper/?random-post=1,302,نوشته تصادفی,,,true,false,false
Href link,false,https://teznevisan3.com/abaqus/,200,https://teznevisan3.com/2023/08/,301,آگوست 2023,,,true,false,false
Href link,true,https://teznevisan3.com/writing-paper/conference-proceedings/,200,https://teznevisan3.com/writing-paper/conference-proceedings/?random-post=1,302,نوشته تصادفی,,,true,false,false
Href link,false,https://teznevisan3.com/military-services-project/,200,https://teznevisan3.com/inquiry,301,ثبت سفارش,,,true,false,false
Href link,false,https://teznevisan3.com/simulation/,200,https://teznevisan3.com/2023/05/,301,می 2023,,,true,true,false
Href link,false,https://teznevisan3.com/writing-paper/isi/,200,https://teznevisan3.com/2023/08/,301,آگوست 2023,,,true,false,false
Href link,false,https://teznevisan3.com/optimisation/,200,https://teznevisan3.com/2024/09/,301,سپتامبر 2024,,,true,false,false
Href link,false,https://teznevisan3.com/how-to-find-base-research-paper/,200,https://teznevisan3.com/2025/02/,301,فوریه 2025,,,true,false,false
Href link,false,https://teznevisan3.com/military-services-project/,200,https://teznevisan3.com/2024/09/,301,سپتامبر 2024,,,true,false,false
Href link,false,https://teznevisan3.com/about/,200,https://teznevisan3.com/2024/12/,301,دسامبر 2024,,,true,false,false
Href link,false,https://teznevisan3.com/contact-us/,200,https://teznevisan3.com/2023/05/,301,می 2023,,,true,false,false
Href link,true,https://teznevisan3.com/writing-paper/,200,https://tielabs.com/go/jannah-sites-footer,301,Jannah News طراح قالب TieLabs,,,true,false,false
Href link,false,https://teznevisan3.com/statistical-analysis/,200,https://ibm.com/spss,301,راهنمای نرم‌افزار SPSS,,,true,false,false
Href link,false,https://teznevisan3.com/contact-us/,200,https://teznevisan3.com/2024/10/,301,اکتبر 2024,,,true,false,false
Href link,false,https://teznevisan3.com/correlation-research/,200,https://teznevisan3.com/2025/03/,301,مارس 2025,,,true,false,false
Href link,true,https://teznevisan3.com/optimisation/,200,https://tielabs.com/go/jannah-sites-footer,301,Jannah News طراح قالب TieLabs,,,true,false,false
Href link,false,https://teznevisan3.com/causal-comparative-research/,200,https://teznevisan3.com/inquiry,301,ثبت سفارش,,,true,false,false
Href link,true,https://teznevisan3.com/how-to-find-base-research-paper/,200,https://teznevisan3.com/how-to-find-base-research-paper/?random-post=1,302,نوشته تصادفی,,,true,false,false
Href link,true,https://teznevisan3.com/blog/,200,https://teznevisan3.com/blog/?random-post=1,302,نوشته تصادفی,,,true,false,false
Href link,false,https://teznevisan3.com/research-types/,200,https://teznevisan3.com/2025/02/,301,فوریه 2025,,,true,false,false
Href link,false,https://teznevisan3.com/how-to-find-base-research-paper/,200,https://teznevisan3.com/2024/10/,301,اکتبر 2024,,,true,false,false
Href link,false,https://teznevisan3.com/writing-english-isi-papers/,200,https://teznevisan3.com/2023/05/,301,می 2023,,,true,false,false
Href link,true,https://teznevisan3.com/military-services-project/,200,https://tielabs.com/go/jannah-sites-footer,301,Jannah News طراح قالب TieLabs,,,true,false,false
Href link,false,https://teznevisan3.com/finite-element-method/,200,https://teznevisan3.com/statistical-analysis/abaqus/,301,انجام پروژه آباکوس (Abaqus),,,true,false,false
Href link,false,https://teznevisan3.com/research-methodology-tutorials/,200,https://teznevisan3.com/2024/12/,301,دسامبر 2024,,,true,false,false
Href link,false,https://teznevisan3.com/research-methodology-tutorials/,200,https://teznevisan3.com/2023/05/,301,می 2023,,,true,false,false
Href link,false,https://teznevisan3.com/writing-english-isi-papers/,200,https://teznevisan3.com/2024/12/,301,دسامبر 2024,,,true,false,false
Href link,false,https://teznevisan3.com/assignment-writing/,200,https://teznevisan3.com/2024/12/,301,دسامبر 2024,,,true,false,false
Href link,false,https://teznevisan3.com/plagiarism-check/,200,https://teznevisan3.com/2025/03/,301,مارس 2025,,,true,false,false
Href link,false,https://teznevisan3.com/hiring/,200,https://teznevisan3.com/thesis-writing/phd/,301,انجام رساله دکتری,,,true,false,false
Href link,false,https://teznevisan3.com/operation-research/,200,https://teznevisan3.com/2024/12/,301,دسامبر 2024,,,true,false,false
Href link,false,https://teznevisan3.com/python/,200,https://teznevisan3.com/2025/02/,301,فوریه 2025,,,true,false,false
Href link,false,https://teznevisan3.com/contact-us/,200,https://teznevisan3.com/2023/08/,301,آگوست 2023,,,true,false,false
Href link,false,https://teznevisan3.com/research-paper-for-apply/,200,https://teznevisan3.com/2025/02/,301,فوریه 2025,,,true,false,false
Href link,false,https://teznevisan3.com/how-to-search-research-paper/,200,https://teznevisan3.com/2024/12/,301,دسامبر 2024,,,true,false,false
Href link,false,https://teznevisan3.com/how-to-search-research-paper/,200,https://teznevisan3.com/inquiry,301,ثبت سفارش,,,true,false,false
Href link,true,https://teznevisan3.com/proposal/,200,https://tielabs.com/go/jannah-sites-footer,301,Jannah News طراح قالب TieLabs,,,true,false,false
Href link,false,https://teznevisan3.com/paper/,200,https://teznevisan3.com/2025/03/,301,مارس 2025,,,true,false,false
Href link,false,https://teznevisan3.com/qualitative-method/,200,https://teznevisan3.com/inquiry,301,ثبت سفارش,,,true,false,false
Href link,false,https://teznevisan3.com/thesis-with-ai/,200,https://teznevisan3.com/2024/09/,301,سپتامبر 2024,,,true,false,false
Href link,false,https://teznevisan3.com/correlation-research/,200,https://teznevisan3.com/inquiry,301,ثبت سفارش,,,true,false,false
Href link,true,https://teznevisan3.com/research-paper-for-apply/,200,https://tielabs.com/go/jannah-sites-footer,301,Jannah News طراح قالب TieLabs,,,true,false,false
Href link,false,https://teznevisan3.com/matlab/,200,https://mathworks.com/help/signal,301,Signal Processing Toolbox,,,true,false,false
Href link,false,https://teznevisan3.com/statistical-population/,200,https://teznevisan3.com/2024/10/,301,اکتبر 2024,,,true,false,false
Href link,false,https://teznevisan3.com/writing-paper/isc/,200,https://teznevisan3.com/2024/09/,301,سپتامبر 2024,,,true,false,false
Href link,false,https://teznevisan3.com/how-to-find-base-research-paper/,200,https://teznevisan3.com/2023/05/,301,می 2023,,,true,false,false
Href link,false,https://teznevisan3.com/complaint/,200,https://teznevisan3.com/2023/08/,301,آگوست 2023,,,true,false,false
Href link,false,https://teznevisan3.com/thesis/,200,https://teznevisan3.com/inquiry,301,ثبت سفارش,,,true,false,false
Href link,true,https://teznevisan3.com/complaint/,200,https://tielabs.com/go/jannah-sites-footer,301,Jannah News طراح قالب TieLabs,,,true,false,false
Href link,true,https://teznevisan3.com/how-to-search-research-paper/,200,https://tielabs.com/go/jannah-sites-footer,301,Jannah News طراح قالب TieLabs,,,true,false,false
Href link,false,https://teznevisan3.com/thesis-writing-duration/,200,https://teznevisan3.com/2023/08/,301,آگوست 2023,,,true,false,false
Href link,true,https://teznevisan3.com/how-to-write-thesis/,200,https://teznevisan3.com/how-to-write-thesis/?random-post=1,302,نوشته تصادفی,,,true,false,false
Href link,false,https://teznevisan3.com/,200,https://ut.ac.ir/,302,راهنمای انجام پروژه دانشجویی - دانشگاه تهران,,,true,false,false
Href link,false,https://teznevisan3.com/writing-thesis/master/,200,https://teznevisan3.com/2023/08/,301,آگوست 2023,,,true,false,false
Href link,true,https://teznevisan3.com/extracting-paper-from-dissertation/,200,https://tielabs.com/go/jannah-sites-footer,301,Jannah News طراح قالب TieLabs,,,true,false,false
Href link,false,https://teznevisan3.com/writing-thesis/master/,200,https://teznevisan3.com/2024/12/,301,دسامبر 2024,,,true,false,false
Href link,false,https://teznevisan3.com/writing-english-isi-papers/,200,https://teznevisan3.com/2024/09/,301,سپتامبر 2024,,,true,false,false
Href link,false,https://teznevisan3.com/case-study/,200,https://teznevisan3.com/2025/03/,301,مارس 2025,,,true,false,false
Href link,false,https://teznevisan3.com/research-methodology-tutorials/,200,https://teznevisan3.com/2024/10/,301,اکتبر 2024,,,true,false,false
Href link,false,https://teznevisan3.com/case-study/,200,https://teznevisan3.com/2023/05/,301,می 2023,,,true,false,false
Href link,false,https://teznevisan3.com/complaint/,200,https://teznevisan3.com/2024/09/,301,سپتامبر 2024,,,true,false,false
Href link,false,https://teznevisan3.com/statistical-population/,200,https://teznevisan3.com/2025/02/,301,فوریه 2025,,,true,false,false
Href link,false,https://teznevisan3.com/difference-between-job-student-cv/,200,https://teznevisan3.com/2023/05/,301,می 2023,,,true,false,false
Href link,false,https://teznevisan3.com/statistical-analysis/,200,https://teznevisan3.com/2024/12/,301,دسامبر 2024,,,true,false,false
Href link,false,https://teznevisan3.com/finite-element-method/,200,https://teznevisan3.com/2025/02/,301,فوریه 2025,,,true,false,false
Canonical,false,https://teznevisan3.com/2024/09/,301,https://teznevisan3.com/2024/09/,301,,,,true,false,true
Href link,false,https://teznevisan3.com/causal-comparative-research/,200,https://teznevisan3.com/2025/02/,301,فوریه 2025,,,true,false,false
Href link,false,https://teznevisan3.com/thesis-writing-duration/,200,https://teznevisan3.com/2025/03/,301,مارس 2025,,,true,false,false
Href link,false,https://teznevisan3.com/abaqus/,200,https://teznevisan3.com/2024/10/,301,اکتبر 2024,,,true,false,false
Href link,false,https://teznevisan3.com/statistical-analysis/sas/,200,https://teznevisan3.com/2024/09/,301,سپتامبر 2024,,,true,false,false
Href link,true,https://teznevisan3.com/how-to-find-base-research-paper/,200,https://tielabs.com/go/jannah-sites-footer,301,Jannah News طراح قالب TieLabs,,,true,false,false
Href link,false,https://teznevisan3.com/contact-us/,200,https://teznevisan3.com/2025/02/,301,فوریه 2025,,,true,false,false
Href link,false,https://teznevisan3.com/thesis/,200,https://teznevisan3.com/2025/02/,301,فوریه 2025,,,true,false,false
Href link,false,https://teznevisan3.com/writing-thesis/phd/,200,https://teznevisan3.com/2024/09/,301,سپتامبر 2024,,,true,false,false
Href link,false,https://teznevisan3.com/academic-research-dictionary/,200,https://teznevisan3.com/2023/05/,301,می 2023,,,true,false,false
Href link,false,https://teznevisan3.com/citation/,200,https://teznevisan3.com/2025/02/,301,فوریه 2025,,,true,false,false
Href link,false,https://teznevisan3.com/how-to-write-review-paper/,200,https://teznevisan3.com/2024/10/,301,اکتبر 2024,,,true,false,false
Href link,false,https://teznevisan3.com/academic-research-dictionary/,200,https://teznevisan3.com/2024/10/,301,اکتبر 2024,,,true,false,false
Href link,true,https://teznevisan3.com/military-services-project/,200,https://teznevisan3.com/military-services-project/?random-post=1,302,نوشته تصادفی,,,true,false,false
Href link,false,https://teznevisan3.com/research-methodology/,200,https://teznevisan3.com/2024/09/,301,سپتامبر 2024,,,true,false,false
Href link,false,https://teznevisan3.com/python/,200,https://teznevisan3.com/2023/05/,301,می 2023,,,true,false,false
Href link,false,https://teznevisan3.com/proposal/,200,https://teznevisan3.com/inquiry,301,ثبت سفارش,,,true,false,false
Href link,false,https://teznevisan3.com/matlab/,200,https://mathworks.com/help/slcontrol,301,Simulink Control Design,,,true,false,false
Href link,true,https://teznevisan3.com/qualitative-method/,200,https://tielabs.com/go/jannah-sites-footer,301,Jannah News طراح قالب TieLabs,,,true,false,false
Href link,false,https://teznevisan3.com/writing-paper/isi/,200,https://clarivate.com/webofsciencegroup,301,Web of Science,,,true,false,false
Href link,false,https://teznevisan3.com/statistical-analysis/spss/,200,https://teznevisan3.com/2024/12/,301,دسامبر 2024,,,true,false,false
Href link,true,https://teznevisan3.com/finite-element-method/,200,https://tielabs.com/go/jannah-sites-footer,301,Jannah News طراح قالب TieLabs,,,true,false,false
Href link,false,https://teznevisan3.com/thesis-writing-duration/,200,https://teznevisan3.com/2023/05/,301,می 2023,,,true,false,false
Href link,false,https://teznevisan3.com/thesis-writing-duration/,200,https://teznevisan3.com/2024/10/,301,اکتبر 2024,,,true,false,false
Href link,false,https://teznevisan3.com/statistical-population/,200,https://teznevisan3.com/inquiry,301,ثبت سفارش,,,true,false,false
Href link,true,https://teznevisan3.com/operation-research/,200,https://teznevisan3.com/operation-research/?random-post=1,302,نوشته تصادفی,,,true,false,false
Href link,false,https://teznevisan3.com/writing-paper/isc/,200,https://teznevisan3.com/inquiry,301,ثبت سفارش,,,true,false,false
Href link,false,https://teznevisan3.com/how-to-write-thesis/,200,https://teznevisan3.com/2024/12/,301,دسامبر 2024,,,true,false,false
Href link,false,https://teznevisan3.com/writing-paper/isi/,200,https://teznevisan3.com/2024/09/,301,سپتامبر 2024,,,true,false,false
Href link,false,https://teznevisan3.com/statistical-analysis/spss/,200,https://ibm.com/docs/spss-statistics,301,مستندات IBM SPSS Statistics,,,true,false,false
Href link,false,https://teznevisan3.com/disseertation-topic/,200,https://teznevisan3.com/2024/10/,301,اکتبر 2024,,,true,false,false
Href link,false,https://teznevisan3.com/assignment-writing/,200,https://teznevisan3.com/2024/10/,301,اکتبر 2024,,,true,false,false
Href link,false,https://teznevisan3.com/acknowledgement/,200,https://teznevisan3.com/2024/12/,301,دسامبر 2024,,,true,false,false
Href link,false,https://teznevisan3.com/statistical-analysis/sas/,200,https://teznevisan3.com/inquiry,301,ثبت سفارش,,,true,false,false
Href link,false,https://teznevisan3.com/statistical-analysis/,200,https://teznevisan3.com/2024/10/,301,اکتبر 2024,,,true,false,false
Href link,false,https://teznevisan3.com/researach-hypothesis/,200,https://teznevisan3.com/2024/12/,301,دسامبر 2024,,,true,false,false
Href link,false,https://teznevisan3.com/paper-writing-tutorials/,200,https://teznevisan3.com/2024/10/,301,اکتبر 2024,,,true,false,false
Href link,false,https://teznevisan3.com/abaqus/,200,https://www.3ds.com/products-services/simulia,301,راهنمای رسمی Abaqus 2024,,,true,false,false
Href link,false,https://teznevisan3.com/research-methodology/,200,https://teznevisan3.com/2024/10/,301,اکتبر 2024,,,true,false,false
Href link,false,https://teznevisan3.com/writing-paper/isi/,200,https://teznevisan3.com/2024/12/,301,دسامبر 2024,,,true,false,false
Href link,false,https://teznevisan3.com/writing-paper/conference-proceedings/,200,https://teznevisan3.com/2023/05/,301,می 2023,,,true,false,false
Href link,true,https://teznevisan3.com/statistical-population/,200,https://tielabs.com/go/jannah-sites-footer,301,Jannah News طراح قالب TieLabs,,,true,false,false
Href link,false,https://teznevisan3.com/inquiry/,200,https://teznevisan3.com/inquiry,301,ثبت سفارش,,,true,false,false
Href link,false,https://teznevisan3.com/true-research/,200,https://teznevisan3.com/2023/08/,301,آگوست 2023,,,true,false,false
Href link,false,https://teznevisan3.com/writing-paper/,200,https://teznevisan3.com/2023/05/,301,می 2023,,,true,false,false
Href link,false,https://teznevisan3.com/finite-element-method/,200,https://teznevisan3.com/2024/12/,301,دسامبر 2024,,,true,false,false
Href link,false,https://teznevisan3.com/how-to-search-research-paper/,200,https://teznevisan3.com/2024/10/,301,اکتبر 2024,,,true,false,false
Href link,false,https://teznevisan3.com/citation/,200,https://teznevisan3.com/2024/10/,301,اکتبر 2024,,,true,false,false
Href link,false,https://teznevisan3.com/research-methodology-tutorials/,200,https://teznevisan3.com/2024/09/,301,سپتامبر 2024,,,true,false,false
Href link,false,https://teznevisan3.com/abaqus/,200,https://teznevisan3.com/2023/05/,301,می 2023,,,true,false,false
Href link,false,https://teznevisan3.com/disseertation-topic/,200,https://teznevisan3.com/2025/02/,301,فوریه 2025,,,true,false,false
Href link,false,https://teznevisan3.com/military-services-project/,200,https://teznevisan3.com/2023/05/,301,می 2023,,,true,false,false
Href link,false,https://teznevisan3.com/proposal/phd/,200,https://teznevisan3.com/2025/02/,301,فوریه 2025,,,true,false,false
Href link,true,https://teznevisan3.com/writing-paper/isc/,200,https://tielabs.com/go/jannah-sites-footer,301,Jannah News طراح قالب TieLabs,,,true,false,false
Href link,false,https://teznevisan3.com/statistical-analysis/sas/,200,https://support.sas.com/,302,راهنمای رسمی نرم‌افزار SAS,,,true,false,false
Href link,false,https://teznevisan3.com/matlab/,200,https://teznevisan3.com/2023/05/,301,می 2023,,,true,false,false
Href link,false,https://teznevisan3.com/matlab/,200,https://teznevisan3.com/2025/03/,301,مارس 2025,,,true,false,false
Href link,false,https://teznevisan3.com/optimisation/,200,https://mathworks.com/,301,راهنمای متلب Optimization,,,true,false,false
Href link,false,https://teznevisan3.com/complaint/,200,https://teznevisan3.com/inquiry,301,ثبت سفارش,,,true,false,false
Href link,false,https://teznevisan3.com/research-methodology-tutorials/,200,https://teznevisan3.com/2025/03/,301,مارس 2025,,,true,false,false
Href link,false,https://teznevisan3.com/proposal/,200,https://ut.ac.ir/,302,راهنمای نگارش پروپوزال - دانشگاه تهران,,,true,false,false
Href link,false,https://teznevisan3.com/plagiarism-check/,200,https://teznevisan3.com/inquiry,301,ثبت سفارش,,,true,false,false
Href link,false,https://teznevisan3.com/writing-thesis/,200,https://teznevisan3.com/2023/08/,301,آگوست 2023,,,true,false,false
Href link,false,https://teznevisan3.com/about/,200,https://teznevisan3.com/2025/03/,301,مارس 2025,,,true,false,false
Href link,false,https://teznevisan3.com/contact-us/,200,https://teznevisan3.com/2025/03/,301,مارس 2025,,,true,false,false
Href link,false,https://teznevisan3.com/inquiry/,200,https://teznevisan3.com/2024/09/,301,سپتامبر 2024,,,true,false,false
Href link,false,https://teznevisan3.com/matlab/,200,https://mathworks.com/help/matlab,301,مستندات رسمی MATLAB,,,true,false,false
Href link,false,https://teznevisan3.com/research-types/,200,https://teznevisan3.com/2023/05/,301,می 2023,,,true,false,false
Href link,false,https://teznevisan3.com/simulation/,200,https://teznevisan3.com/2023/08/,301,آگوست 2023,,,true,true,false
Href link,true,https://teznevisan3.com/statistical-analysis/,200,https://tielabs.com/go/jannah-sites-footer,301,Jannah News طراح قالب TieLabs,,,true,false,false
Href link,false,https://teznevisan3.com/plagiarism-check/,200,https://teznevisan3.com/2024/12/,301,دسامبر 2024,,,true,false,false
Href link,false,https://teznevisan3.com/operation-research/,200,https://teznevisan3.com/2023/08/,301,آگوست 2023,,,true,false,false
Canonical,false,https://teznevisan3.com/2023/08/,301,https://teznevisan3.com/2023/08/,301,,,,true,false,true
Href link,false,https://teznevisan3.com/research-paper-for-apply/,200,https://teznevisan3.com/2023/05/,301,می 2023,,,true,false,false
Href link,false,https://teznevisan3.com/military-services-project/,200,https://teznevisan3.com/2023/08/,301,آگوست 2023,,,true,false,false
Href link,false,https://teznevisan3.com/how-to-write-review-paper/,200,https://teznevisan3.com/2023/08/,301,آگوست 2023,,,true,false,false
Href link,false,https://teznevisan3.com/finite-element-method/,200,https://teznevisan3.com/2023/08/,301,آگوست 2023,,,true,false,false
Href link,false,https://teznevisan3.com/how-to-write-thesis/,200,https://teznevisan3.com/2025/03/,301,مارس 2025,,,true,false,false
Href link,false,https://teznevisan3.com/writing-english-isi-papers/,200,https://teznevisan3.com/2025/03/,301,مارس 2025,,,true,false,false
Href link,false,https://teznevisan3.com/writing-paper/conference-proceedings/,200,https://teznevisan3.com/2024/12/,301,دسامبر 2024,,,true,false,false
Href link,false,https://teznevisan3.com/proposal/,200,https://teznevisan3.com/2025/03/,301,مارس 2025,,,true,false,false
Href link,false,https://teznevisan3.com/blog/,200,https://teznevisan3.com/2024/12/,301,دسامبر 2024,,,true,false,false
Href link,false,https://teznevisan3.com/proposal/,200,https://teznevisan3.com/2023/05/,301,می 2023,,,true,false,false
Href link,false,https://teznevisan3.com/hiring/,200,https://teznevisan3.com/2025/03/,301,مارس 2025,,,true,false,false
Href link,false,https://teznevisan3.com/qualitative-method/,200,https://teznevisan3.com/2024/12/,301,دسامبر 2024,,,true,false,false
Href link,false,https://teznevisan3.com/thesis-to-book/,200,https://teznevisan3.com/inquiry,301,ثبت سفارش,,,true,false,false
Href link,true,https://teznevisan3.com/complaint/,200,https://teznevisan3.com/complaint/?random-post=1,302,نوشته تصادفی,,,true,false,false
Href link,true,https://teznevisan3.com/proposal/phd/,200,https://teznevisan3.com/proposal/phd/?random-post=1,302,نوشته تصادفی,,,true,false,false
Href link,false,https://teznevisan3.com/assignment-writing/,200,https://teznevisan3.com/2025/03/,301,مارس 2025,,,true,false,false
Href link,false,https://teznevisan3.com/research-methodology/,200,https://teznevisan3.com/2024/12/,301,دسامبر 2024,,,true,false,false
Href link,false,https://teznevisan3.com/about/,200,https://teznevisan3.com/inquiry,301,ثبت سفارش,,,true,false,false
Href link,false,https://teznevisan3.com/operation-research/,200,https://teznevisan3.com/inquiry,301,ثبت سفارش,,,true,false,false
Href link,false,https://teznevisan3.com/thesis/,200,https://teznevisan3.com/2025/03/,301,مارس 2025,,,true,false,false
Href link,false,https://teznevisan3.com/statistical-analysis/spss/,200,https://teznevisan3.com/2023/08/,301,آگوست 2023,,,true,false,false
Href link,false,https://teznevisan3.com/minitab/,200,https://teznevisan3.com/inquiry,301,ثبت سفارش,,,true,false,false
Href link,false,https://teznevisan3.com/writing-thesis/master/,200,https://teznevisan3.com/inquiry,301,ثبت سفارش,,,true,false,false
Href link,false,https://teznevisan3.com/academic-research-dictionary/,200,https://teznevisan3.com/2025/03/,301,مارس 2025,,,true,false,false
Href link,true,https://teznevisan3.com/correlation-research/,200,https://teznevisan3.com/correlation-research/?random-post=1,302,نوشته تصادفی,,,true,false,false
Href link,false,https://teznevisan3.com/how-to-search-research-paper/,200,https://teznevisan3.com/2024/09/,301,سپتامبر 2024,,,true,false,false
Href link,true,https://teznevisan3.com/assignment-writing/,200,https://tielabs.com/go/jannah-sites-footer,301,Jannah News طراح قالب TieLabs,,,true,false,false
Href link,false,https://teznevisan3.com/statistical-population/,200,https://teznevisan3.com/2023/08/,301,آگوست 2023,,,true,false,false
Href link,false,https://teznevisan3.com/case-study/,200,https://teznevisan3.com/2024/10/,301,اکتبر 2024,,,true,false,false
Href link,false,https://teznevisan3.com/thesis-to-book/,200,https://teznevisan3.com/2025/02/,301,فوریه 2025,,,true,false,false
Href link,false,https://teznevisan3.com/research-paper-for-apply/,200,https://teznevisan3.com/2024/12/,301,دسامبر 2024,,,true,false,false
Href link,false,https://teznevisan3.com/thesis-writing-tutorials/,200,https://teznevisan3.com/2024/09/,301,سپتامبر 2024,,,true,false,false
Href link,false,https://teznevisan3.com/paper/,200,https://teznevisan3.com/2025/02/,301,فوریه 2025,,,true,false,false
Href link,true,https://teznevisan3.com/statistical-analysis/spss/,200,https://teznevisan3.com/statistical-analysis/spss/?random-post=1,302,نوشته تصادفی,,,true,false,false
Href link,false,https://teznevisan3.com/how-to-find-base-research-paper/,200,https://teznevisan3.com/2024/09/,301,سپتامبر 2024,,,true,false,false
Href link,false,https://teznevisan3.com/extracting-paper-from-dissertation/,200,https://teznevisan3.com/2025/02/,301,فوریه 2025,,,true,false,false
Href link,true,https://teznevisan3.com/,200,https://tielabs.com/go/jannah-sites-footer,301,Jannah News طراح قالب TieLabs,,,true,false,false
Href link,false,https://teznevisan3.com/how-to-search-research-paper/,200,https://teznevisan3.com/2023/05/,301,می 2023,,,true,false,false
Href link,true,https://teznevisan3.com/correlation-research/,200,https://tielabs.com/go/jannah-sites-footer,301,Jannah News طراح قالب TieLabs,,,true,false,false
Href link,true,https://teznevisan3.com/causal-comparative-research/,200,https://tielabs.com/go/jannah-sites-footer,301,Jannah News طراح قالب TieLabs,,,true,false,false
Href link,true,https://teznevisan3.com/citation/,200,https://tielabs.com/go/jannah-sites-footer,301,Jannah News طراح قالب TieLabs,,,true,false,false
Href link,false,https://teznevisan3.com/research-methodology-tutorials/,200,https://teznevisan3.com/2023/08/,301,آگوست 2023,,,true,false,false
Href link,false,https://teznevisan3.com/thesis-writing-tutorials/,200,https://teznevisan3.com/2024/12/,301,دسامبر 2024,,,true,false,false
Href link,false,https://teznevisan3.com/proposal/,200,https://teznevisan3.com/2024/10/,301,اکتبر 2024,,,true,false,false
Href link,false,https://teznevisan3.com/thesis-with-ai/,200,https://teznevisan3.com/2025/03/,301,مارس 2025,,,true,false,false
Href link,false,https://teznevisan3.com/military-services-project/,200,https://teznevisan3.com/2025/03/,301,مارس 2025,,,true,false,false
Href link,false,https://teznevisan3.com/thesis-writing-duration/,200,https://teznevisan3.com/2024/12/,301,دسامبر 2024,,,true,false,false
Href link,true,https://teznevisan3.com/paper/,200,https://tielabs.com/go/jannah-sites-footer,301,Jannah News طراح قالب TieLabs,,,true,false,false
Href link,true,https://teznevisan3.com/writing-english-isi-papers/,200,https://teznevisan3.com/writing-english-isi-papers/?random-post=1,302,نوشته تصادفی,,,true,false,false
Href link,true,https://teznevisan3.com/qualitative-method/,200,https://teznevisan3.com/qualitative-method/?random-post=1,302,نوشته تصادفی,,,true,false,false
Href link,true,https://teznevisan3.com/become-researcher/,200,https://teznevisan3.com/become-researcher/?random-post=1,302,نوشته تصادفی,,,true,false,false
Href link,true,https://teznevisan3.com/writing-thesis/,200,https://teznevisan3.com/writing-thesis/?random-post=1,302,نوشته تصادفی,,,true,false,false
Href link,false,https://teznevisan3.com/,200,https://teznevisan3.com/inquiry,301,ثبت سفارش,,,true,false,false
Href link,false,https://teznevisan3.com/qualitative-method/,200,https://teznevisan3.com/2025/03/,301,مارس 2025,,,true,false,false
Href link,false,https://teznevisan3.com/writing-paper/review-paper/,200,https://teznevisan3.com/2024/09/,301,سپتامبر 2024,,,true,false,false
Href link,false,https://teznevisan3.com/contact-us/,200,https://teznevisan3.com/2024/12/,301,دسامبر 2024,,,true,false,false
Href link,false,https://teznevisan3.com/acknowledgement/,200,https://teznevisan3.com/2024/09/,301,سپتامبر 2024,,,true,false,false
Href link,false,https://teznevisan3.com/how-to-write-review-paper/,200,https://teznevisan3.com/2023/05/,301,می 2023,,,true,false,false
Href link,true,https://teznevisan3.com/thesis/,200,https://tielabs.com/go/jannah-sites-footer,301,Jannah News طراح قالب TieLabs,,,true,false,false
Href link,false,https://teznevisan3.com/thesis-with-ai/,200,https://teznevisan3.com/2023/08/,301,آگوست 2023,,,true,false,false
Href link,false,https://teznevisan3.com/hiring/,200,https://teznevisan3.com/2024/09/,301,سپتامبر 2024,,,true,false,false
Href link,false,https://teznevisan3.com/writing-paper/review-paper/,200,https://teznevisan3.com/2024/12/,301,دسامبر 2024,,,true,false,false
Href link,true,https://teznevisan3.com/blog/,200,https://tielabs.com/go/jannah-sites-footer,301,Jannah News طراح قالب TieLabs,,,true,false,false
Href link,false,https://teznevisan3.com/python/,200,https://teznevisan3.com/2024/10/,301,اکتبر 2024,,,true,false,false
Href link,false,https://teznevisan3.com/writing-paper/review-paper/,200,https://teznevisan3.com/2025/03/,301,مارس 2025,,,true,false,false
Href link,true,https://teznevisan3.com/contact-us/,200,https://teznevisan3.com/contact-us/?random-post=1,302,نوشته تصادفی,,,true,false,false
Href link,false,https://teznevisan3.com/writing-paper/review-paper/,200,https://teznevisan3.com/2024/10/,301,اکتبر 2024,,,true,false,false
Href link,false,https://teznevisan3.com/citation/,200,https://teznevisan3.com/2024/09/,301,سپتامبر 2024,,,true,false,false
Href link,false,https://teznevisan3.com/hiring/,200,https://teznevisan3.com/thesis-writing/master/,301,انجام پایان نامه ارشد,,,true,false,false
Href link,false,https://teznevisan3.com/statistical-analysis/spss/,200,https://teznevisan3.com/2024/10/,301,اکتبر 2024,,,true,false,false
Href link,false,https://teznevisan3.com/thesis/,200,https://teznevisan3.com/2024/09/,301,سپتامبر 2024,,,true,false,false
Href link,false,https://teznevisan3.com/proposal/phd/,200,https://teznevisan3.com/2024/09/,301,سپتامبر 2024,,,true,false,false
Href link,false,https://teznevisan3.com/assignment-writing/,200,https://teznevisan3.com/inquiry,301,ثبت سفارش,,,true,false,false
Href link,false,https://teznevisan3.com/writing-thesis/,200,https://teznevisan3.com/2024/09/,301,سپتامبر 2024,,,true,false,false
Canonical,false,https://teznevisan3.com/2025/03/,301,https://teznevisan3.com/2025/03/,301,,,,true,false,true
Href link,false,https://teznevisan3.com/assignment-writing/,200,https://teznevisan3.com/2023/05/,301,می 2023,,,true,false,false
Href link,false,https://teznevisan3.com/research-types/,200,https://teznevisan3.com/2025/03/,301,مارس 2025,,,true,false,false
Href link,false,https://teznevisan3.com/extracting-paper-from-dissertation/,200,https://teznevisan3.com/thesis-writing/,301,انجام پایان نامه,,,true,false,false
Href link,false,https://teznevisan3.com/paper/,200,https://teznevisan3.com/2024/12/,301,دسامبر 2024,,,true,false,false
Href link,false,https://teznevisan3.com/optimisation/,200,https://teznevisan3.com/inquiry,301,ثبت سفارش,,,true,false,false
Href link,true,https://teznevisan3.com/case-study/,200,https://tielabs.com/go/jannah-sites-footer,301,Jannah News طراح قالب TieLabs,,,true,false,false
Href link,false,https://teznevisan3.com/how-to-write-thesis/,200,https://teznevisan3.com/2023/08/,301,آگوست 2023,,,true,false,false
Href link,false,https://teznevisan3.com/research-types/,200,https://teznevisan3.com/2024/10/,301,اکتبر 2024,,,true,false,false
Href link,false,https://teznevisan3.com/disseertation-topic/,200,https://teznevisan3.com/inquiry,301,ثبت سفارش,,,true,false,false
Href link,false,https://teznevisan3.com/matlab/,200,https://teznevisan3.com/2024/12/,301,دسامبر 2024,,,true,false,false
Href link,false,https://teznevisan3.com/statistical-analysis/,200,https://teznevisan3.com/inquiry,301,ثبت سفارش,,,true,false,false
Href link,false,https://teznevisan3.com/writing-thesis/,200,https://teznevisan3.com/2025/03/,301,مارس 2025,,,true,false,false
Href link,false,https://teznevisan3.com/abaqus/,200,https://teznevisan3.com/2025/02/,301,فوریه 2025,,,true,false,false
Href link,false,https://teznevisan3.com/inquiry/,200,https://teznevisan3.com/2024/12/,301,دسامبر 2024,,,true,false,false
Href link,true,https://teznevisan3.com/extracting-paper-from-dissertation/,200,https://teznevisan3.com/extracting-paper-from-dissertation/?random-post=1,302,نوشته تصادفی,,,true,false,false
Href link,false,https://teznevisan3.com/academic-research-dictionary/,200,https://teznevisan3.com/inquiry,301,ثبت سفارش,,,true,false,false
Href link,false,https://teznevisan3.com/proposal/phd/,200,https://teznevisan3.com/2023/08/,301,آگوست 2023,,,true,false,false
Href link,false,https://teznevisan3.com/extracting-paper-from-dissertation/,200,https://teznevisan3.com/2023/05/,301,می 2023,,,true,false,false
Href link,true,https://teznevisan3.com/about/,200,https://tielabs.com/go/jannah-sites-footer,301,Jannah News طراح قالب TieLabs,,,true,false,false
Href link,false,https://teznevisan3.com/paper-writing-tutorials/,200,https://teznevisan3.com/inquiry,301,ثبت سفارش,,,true,false,false
Href link,false,https://teznevisan3.com/complaint/,200,https://teznevisan3.com/2025/03/,301,مارس 2025,,,true,false,false
Href link,false,https://teznevisan3.com/about/,200,https://teznevisan3.com/2023/05/,301,می 2023,,,true,false,false
Href link,false,https://teznevisan3.com/abaqus/,200,https://teznevisan3.com/inquiry,301,ثبت سفارش,,,true,false,false
Href link,false,https://teznevisan3.com/researach-hypothesis/,200,https://teznevisan3.com/2025/02/,301,فوریه 2025,,,true,false,false
Href link,false,https://teznevisan3.com/thesis-to-book/,200,https://teznevisan3.com/2023/08/,301,آگوست 2023,,,true,false,false
Href link,false,https://teznevisan3.com/statistical-population/,200,https://teznevisan3.com/2023/05/,301,می 2023,,,true,false,false
Href link,false,https://teznevisan3.com/writing-paper/conference-proceedings/,200,https://teznevisan3.com/2023/08/,301,آگوست 2023,,,true,false,false
Href link,false,https://teznevisan3.com/thesis-writing-tutorials/,200,https://teznevisan3.com/2023/05/,301,می 2023,,,true,false,false
Href link,false,https://teznevisan3.com/proposal/,200,https://teznevisan3.com/2023/08/,301,آگوست 2023,,,true,false,false
Href link,true,https://teznevisan3.com/inquiry/,200,https://teznevisan3.com/inquiry/?random-post=1,302,نوشته تصادفی,,,true,false,false
Href link,false,https://teznevisan3.com/causal-comparative-research/,200,https://teznevisan3.com/2024/12/,301,دسامبر 2024,,,true,false,false
Href link,false,https://teznevisan3.com/case-study/,200,https://teznevisan3.com/2024/09/,301,سپتامبر 2024,,,true,false,false
Href link,false,https://teznevisan3.com/citation/,200,https://teznevisan3.com/2024/12/,301,دسامبر 2024,,,true,false,false
Href link,false,https://teznevisan3.com/complaint/,200,https://teznevisan3.com/2024/12/,301,دسامبر 2024,,,true,false,false
Href link,true,https://teznevisan3.com/abaqus/,200,https://tielabs.com/go/jannah-sites-footer,301,Jannah News طراح قالب TieLabs,,,true,false,false
Href link,true,https://teznevisan3.com/optimisation/,200,https://teznevisan3.com/optimisation/?random-post=1,302,نوشته تصادفی,,,true,false,false
Href link,false,https://teznevisan3.com/finite-element-method/,200,https://teznevisan3.com/2024/09/,301,سپتامبر 2024,,,true,false,false
Href link,false,https://teznevisan3.com/military-services-project/,200,https://teznevisan3.com/2025/02/,301,فوریه 2025,,,true,false,false
Href link,false,https://teznevisan3.com/disseertation-topic/,200,https://teznevisan3.com/2024/12/,301,دسامبر 2024,,,true,false,false
Href link,false,https://teznevisan3.com/writing-paper/,200,https://teznevisan3.com/2025/03/,301,مارس 2025,,,true,false,false
Href link,false,https://teznevisan3.com/about/,200,https://teznevisan3.com/2024/10/,301,اکتبر 2024,,,true,false,false
Href link,false,https://teznevisan3.com/hiring/,200,https://teznevisan3.com/thesis-writing/,301,انجام پایان نامه,,,true,false,false
Href link,false,https://teznevisan3.com/optimisation/,200,https://teznevisan3.com/2025/03/,301,مارس 2025,,,true,false,false
Href link,true,https://teznevisan3.com/writing-thesis/master/,200,https://tielabs.com/go/jannah-sites-footer,301,Jannah News طراح قالب TieLabs,,,true,false,false
Href link,false,https://teznevisan3.com/withdraw-from-university/,200,https://teznevisan3.com/2023/08/,301,آگوست 2023,,,true,false,false
Href link,false,https://teznevisan3.com/qualitative-method/,200,https://teznevisan3.com/2025/02/,301,فوریه 2025,,,true,false,false
Href link,true,https://teznevisan3.com/become-researcher/,200,https://tielabs.com/go/jannah-sites-footer,301,Jannah News طراح قالب TieLabs,,,true,false,false
Href link,false,https://teznevisan3.com/paper/,200,https://teznevisan3.com/inquiry,301,ثبت سفارش,,,true,false,false
Href link,false,https://teznevisan3.com/become-researcher/,200,https://teznevisan3.com/2025/02/,301,فوریه 2025,,,true,false,false
Href link,true,https://teznevisan3.com/research-paper-for-apply/,200,https://teznevisan3.com/research-paper-for-apply/?random-post=1,302,نوشته تصادفی,,,true,false,false
Href link,false,https://teznevisan3.com/writing-paper/conference-proceedings/,200,https://teznevisan3.com/2024/09/,301,سپتامبر 2024,,,true,false,false
Href link,false,https://teznevisan3.com/minitab/,200,https://apa.org/,301,راهنمای APA 7th edition,,,true,false,false
Href link,false,https://teznevisan3.com/acknowledgement/,200,https://teznevisan3.com/2024/10/,301,اکتبر 2024,,,true,false,false
Href link,false,https://teznevisan3.com/disseertation-topic/,200,https://teznevisan3.com/2023/08/,301,آگوست 2023,,,true,false,false
Href link,false,https://teznevisan3.com/paper-writing-tutorials/,200,https://teznevisan3.com/2024/12/,301,دسامبر 2024,,,true,false,false
Href link,false,https://teznevisan3.com/thesis/,200,https://teznevisan3.com/2023/05/,301,می 2023,,,true,false,false
Href link,false,https://teznevisan3.com/blog/,200,https://teznevisan3.com/2025/02/,301,فوریه 2025,,,true,false,false
Href link,false,https://teznevisan3.com/thesis-with-ai/,200,https://teznevisan3.com/inquiry,301,ثبت سفارش,,,true,false,false
Href link,false,https://teznevisan3.com/writing-thesis/master/,200,https://teznevisan3.com/2025/03/,301,مارس 2025,,,true,false,false
Href link,false,https://teznevisan3.com/qualitative-method/,200,https://teznevisan3.com/2023/08/,301,آگوست 2023,,,true,false,false
Href link,false,https://teznevisan3.com/hiring/,200,https://teznevisan3.com/2024/12/,301,دسامبر 2024,,,true,false,false
Href link,false,https://teznevisan3.com/thesis-to-book/,200,https://teznevisan3.com/2024/09/,301,سپتامبر 2024,,,true,false,false
Href link,false,https://teznevisan3.com/optimisation/,200,https://teznevisan3.com/2023/05/,301,می 2023,,,true,false,false
Href link,false,https://teznevisan3.com/complaint/,200,https://teznevisan3.com/2023/05/,301,می 2023,,,true,false,false
Href link,false,https://teznevisan3.com/blog/,200,https://teznevisan3.com/2024/10/,301,اکتبر 2024,,,true,false,false
Href link,false,https://teznevisan3.com/blog/,200,https://teznevisan3.com/2023/08/,301,آگوست 2023,,,true,false,false
Href link,false,https://teznevisan3.com/thesis-to-book/,200,https://teznevisan3.com/2024/12/,301,دسامبر 2024,,,true,false,false
Href link,false,https://teznevisan3.com/writing-thesis/phd/,200,https://teznevisan3.com/inquiry,301,ثبت سفارش,,,true,false,false
Href link,true,https://teznevisan3.com/withdraw-from-university/,200,https://tielabs.com/go/jannah-sites-footer,301,Jannah News طراح قالب TieLabs,,,true,false,false
Href link,true,https://teznevisan3.com/citation/,200,https://teznevisan3.com/citation/?random-post=1,302,نوشته تصادفی,,,true,false,false
Href link,false,https://teznevisan3.com/complaint/,200,https://teznevisan3.com/2024/10/,301,اکتبر 2024,,,true,false,false
Href link,false,https://teznevisan3.com/research-methodology-tutorials/,200,https://teznevisan3.com/2025/02/,301,فوریه 2025,,,true,false,false
Href link,false,https://teznevisan3.com/proposal/,200,https://teznevisan3.com/2025/02/,301,فوریه 2025,,,true,false,false
Href link,false,https://teznevisan3.com/withdraw-from-university/,200,https://teznevisan3.com/inquiry,301,ثبت سفارش,,,true,false,false
Href link,false,https://teznevisan3.com/writing-thesis/master/,200,https://teznevisan3.com/2023/05/,301,می 2023,,,true,false,false
Href link,true,https://teznevisan3.com/writing-thesis/phd/,200,https://tielabs.com/go/jannah-sites-footer,301,Jannah News طراح قالب TieLabs,,,true,false,false
Href link,false,https://teznevisan3.com/simulation/,200,https://teznevisan3.com/2025/02/,301,فوریه 2025,,,true,true,false
Href link,false,https://teznevisan3.com/causal-comparative-research/,200,https://teznevisan3.com/2025/03/,301,مارس 2025,,,true,false,false
Href link,false,https://teznevisan3.com/statistical-analysis/,200,https://teznevisan3.com/2024/09/,301,سپتامبر 2024,,,true,false,false
Href link,false,https://teznevisan3.com/writing-paper/isc/,200,https://teznevisan3.com/2023/08/,301,آگوست 2023,,,true,false,false
Href link,false,https://teznevisan3.com/python/,200,https://teznevisan3.com/2025/03/,301,مارس 2025,,,true,false,false
Href link,false,https://teznevisan3.com/about/,200,https://teznevisan3.com/2025/02/,301,فوریه 2025,,,true,false,false
Href link,true,https://teznevisan3.com/thesis-writing-tutorials/,200,https://teznevisan3.com/thesis-writing-tutorials/?random-post=1,302,نوشته تصادفی,,,true,false,false
Href link,false,https://teznevisan3.com/how-to-find-base-research-paper/,200,https://teznevisan3.com/2025/03/,301,مارس 2025,,,true,false,false
Href link,false,https://teznevisan3.com/,200,https://pmi.org/,301,راهنمای مدیریت پروژه,,,true,false,false
Href link,false,https://teznevisan3.com/academic-research-dictionary/,200,https://teznevisan3.com/2023/08/,301,آگوست 2023,,,true,false,false
Href link,true,https://teznevisan3.com/thesis/,200,https://teznevisan3.com/thesis/?random-post=1,302,نوشته تصادفی,,,true,false,false
Href link,false,https://teznevisan3.com/writing-paper/isi/,200,https://teznevisan3.com/2024/10/,301,اکتبر 2024,,,true,false,false
Href link,false,https://teznevisan3.com/how-to-write-thesis/,200,https://teznevisan3.com/inquiry,301,ثبت سفارش,,,true,false,false
Href link,true,https://teznevisan3.com/writing-thesis/phd/,200,https://teznevisan3.com/writing-thesis/phd/?random-post=1,302,نوشته تصادفی,,,true,false,false
Href link,false,https://teznevisan3.com/paper/,200,https://teznevisan3.com/2024/10/,301,اکتبر 2024,,,true,false,false
Href link,false,https://teznevisan3.com/plagiarism-check/,200,https://teznevisan3.com/2024/10/,301,اکتبر 2024,,,true,false,false
Href link,false,https://teznevisan3.com/research-methodology/,200,https://teznevisan3.com/2025/02/,301,فوریه 2025,,,true,false,false
Href link,false,https://teznevisan3.com/qualitative-method/,200,https://teznevisan3.com/2024/09/,301,سپتامبر 2024,,,true,false,false
Href link,false,https://teznevisan3.com/research-methodology/,200,https://teznevisan3.com/inquiry,301,ثبت سفارش,,,true,false,false
Href link,false,https://teznevisan3.com/paper-writing-tutorials/,200,https://teznevisan3.com/2025/02/,301,فوریه 2025,,,true,false,false
Href link,false,https://teznevisan3.com/operation-research/,200,https://teznevisan3.com/2024/09/,301,سپتامبر 2024,,,true,false,false
Href link,true,https://teznevisan3.com/research-methodology-tutorials/,200,https://teznevisan3.com/research-methodology-tutorials/?random-post=1,302,نوشته تصادفی,,,true,false,false
Href link,false,https://teznevisan3.com/extracting-paper-from-dissertation/,200,https://teznevisan3.com/2024/10/,301,اکتبر 2024,,,true,false,false
Href link,true,https://teznevisan3.com/writing-paper/isi/,200,https://tielabs.com/go/jannah-sites-footer,301,Jannah News طراح قالب TieLabs,,,true,false,false
Href link,true,https://teznevisan3.com/thesis-with-ai/,200,https://teznevisan3.com/thesis-with-ai/?random-post=1,302,نوشته تصادفی,,,true,false,false
Href link,false,https://teznevisan3.com/inquiry/,200,https://teznevisan3.com/2025/03/,301,مارس 2025,,,true,false,false
Href link,false,https://teznevisan3.com/become-researcher/,200,https://teznevisan3.com/2023/08/,301,آگوست 2023,,,true,false,false
Href link,false,https://teznevisan3.com/writing-paper/,200,https://teznevisan3.com/2024/10/,301,اکتبر 2024,,,true,false,false
Href link,false,https://teznevisan3.com/research-types/,200,https://teznevisan3.com/2023/08/,301,آگوست 2023,,,true,false,false
Href link,true,https://teznevisan3.com/statistical-analysis/sas/,200,https://tielabs.com/go/jannah-sites-footer,301,Jannah News طراح قالب TieLabs,,,true,false,false
Canonical,false,https://teznevisan3.com/2024/10/,301,https://teznevisan3.com/2024/10/,301,,,,true,false,true
Href link,true,https://teznevisan3.com/thesis-with-ai/,200,https://tielabs.com/go/jannah-sites-footer,301,Jannah News طراح قالب TieLabs,,,true,false,false
Href link,false,https://teznevisan3.com/thesis-to-book/,200,https://teznevisan3.com/2024/10/,301,اکتبر 2024,,,true,false,false
Href link,false,https://teznevisan3.com/case-study/,200,https://teznevisan3.com/2023/08/,301,آگوست 2023,,,true,false,false
Href link,false,https://teznevisan3.com/writing-paper/,200,https://teznevisan3.com/2024/09/,301,سپتامبر 2024,,,true,false,false
Href link,false,https://teznevisan3.com/true-research/,200,https://teznevisan3.com/inquiry,301,ثبت سفارش,,,true,false,false
Href link,true,https://teznevisan3.com/writing-thesis/,200,https://tielabs.com/go/jannah-sites-footer,301,Jannah News طراح قالب TieLabs,,,true,false,false
Href link,false,https://teznevisan3.com/hiring/,200,https://teznevisan3.com/2024/10/,301,اکتبر 2024,,,true,false,false
Href link,true,https://teznevisan3.com/true-research/,200,https://teznevisan3.com/true-research/?random-post=1,302,نوشته تصادفی,,,true,false,false
Href link,false,https://teznevisan3.com/plagiarism-check/,200,https://teznevisan3.com/2024/09/,301,سپتامبر 2024,,,true,false,false
Href link,false,https://teznevisan3.com/thesis-writing-tutorials/,200,https://teznevisan3.com/2025/03/,301,مارس 2025,,,true,false,false
Href link,false,https://teznevisan3.com/contact-us/,200,https://teznevisan3.com/2024/09/,301,سپتامبر 2024,,,true,false,false
Href link,false,https://teznevisan3.com/writing-paper/conference-proceedings/,200,https://teznevisan3.com/2025/03/,301,مارس 2025,,,true,false,false
Href link,false,https://teznevisan3.com/writing-paper/isi/,200,https://teznevisan3.com/2023/05/,301,می 2023,,,true,false,false
Href link,true,https://teznevisan3.com/writing-paper/isc/,200,https://teznevisan3.com/writing-paper/isc/?random-post=1,302,نوشته تصادفی,,,true,false,false
Href link,false,https://teznevisan3.com/become-researcher/,200,https://teznevisan3.com/inquiry,301,ثبت سفارش,,,true,false,false
Href link,false,https://teznevisan3.com/writing-thesis/,200,https://teznevisan3.com/inquiry,301,ثبت سفارش,,,true,false,false
Href link,true,https://teznevisan3.com/inquiry/,200,https://tielabs.com/go/jannah-sites-footer,301,Jannah News طراح قالب TieLabs,,,true,false,false
Href link,false,https://teznevisan3.com/proposal/,200,https://teznevisan3.com/2024/12/,301,دسامبر 2024,,,true,false,false
Href link,false,https://teznevisan3.com/matlab/,200,https://teznevisan3.com/2023/08/,301,آگوست 2023,,,true,false,false
Href link,true,https://teznevisan3.com/,200,https://teznevisan3.com/?random-post=1,302,نوشته تصادفی,,,true,false,false
Href link,false,https://teznevisan3.com/matlab/,200,https://teznevisan3.com/2024/09/,301,سپتامبر 2024,,,true,false,false
Href link,false,https://teznevisan3.com/thesis-with-ai/,200,https://teznevisan3.com/2025/02/,301,فوریه 2025,,,true,false,false
Href link,false,https://teznevisan3.com/writing-paper/isi/,200,https://teznevisan3.com/2025/03/,301,مارس 2025,,,true,false,false
Href link,false,https://teznevisan3.com/statistical-analysis/spss/,200,https://teznevisan3.com/2024/09/,301,سپتامبر 2024,,,true,false,false
Href link,false,https://teznevisan3.com/thesis-writing-duration/,200,https://teznevisan3.com/2024/09/,301,سپتامبر 2024,,,true,false,false
Href link,false,https://teznevisan3.com/about/,200,https://teznevisan3.com/2024/09/,301,سپتامبر 2024,,,true,false,false
Href link,false,https://teznevisan3.com/inquiry/,200,https://teznevisan3.com/2025/02/,301,فوریه 2025,,,true,false,false
Href link,false,https://teznevisan3.com/how-to-write-thesis/,200,https://teznevisan3.com/thesis-writing/,301,پایان نامه,,,true,false,false
Href link,false,https://teznevisan3.com/finite-element-method/,200,https://teznevisan3.com/inquiry,301,ثبت سفارش,,,true,false,false
Href link,false,https://teznevisan3.com/researach-hypothesis/,200,https://teznevisan3.com/2023/08/,301,آگوست 2023,,,true,false,false
Href link,false,https://teznevisan3.com/research-paper-for-apply/,200,https://teznevisan3.com/inquiry,301,ثبت سفارش,,,true,false,false
Href link,true,https://teznevisan3.com/writing-thesis/master/,200,https://teznevisan3.com/writing-thesis/master/?random-post=1,302,نوشته تصادفی,,,true,false,false
Href link,false,https://teznevisan3.com/research-paper-for-apply/,200,https://teznevisan3.com/2025/03/,301,مارس 2025,,,true,false,false
Href link,false,https://teznevisan3.com/writing-thesis/phd/,200,https://teznevisan3.com/2025/02/,301,فوریه 2025,,,true,false,false
Href link,false,https://teznevisan3.com/difference-between-job-student-cv/,200,https://teznevisan3.com/2025/02/,301,فوریه 2025,,,true,false,false
Href link,true,https://teznevisan3.com/plagiarism-check/,200,https://tielabs.com/go/jannah-sites-footer,301,Jannah News طراح قالب TieLabs,,,true,false,false
Href link,false,https://teznevisan3.com/become-researcher/,200,https://teznevisan3.com/2024/12/,301,دسامبر 2024,,,true,false,false
Href link,true,https://teznevisan3.com/hiring/,200,https://tielabs.com/go/jannah-sites-footer,301,Jannah News طراح قالب TieLabs,,,true,false,false
Href link,false,https://teznevisan3.com/causal-comparative-research/,200,https://teznevisan3.com/2024/09/,301,سپتامبر 2024,,,true,false,false
Href link,false,https://teznevisan3.com/proposal/phd/,200,https://teznevisan3.com/2025/03/,301,مارس 2025,,,true,false,false
Href link,true,https://teznevisan3.com/research-methodology/,200,https://teznevisan3.com/research-methodology/?random-post=1,302,نوشته تصادفی,,,true,false,false
Href link,true,https://teznevisan3.com/thesis-writing-tutorials/,200,https://tielabs.com/go/jannah-sites-footer,301,Jannah News طراح قالب TieLabs,,,true,false,false
Href link,false,https://teznevisan3.com/writing-english-isi-papers/,200,https://teznevisan3.com/2025/02/,301,فوریه 2025,,,true,false,false
Href link,false,https://teznevisan3.com/acknowledgement/,200,https://teznevisan3.com/2025/03/,301,مارس 2025,,,true,false,false
Href link,false,https://teznevisan3.com/true-research/,200,https://teznevisan3.com/2024/12/,301,دسامبر 2024,,,true,false,false
Href link,false,https://teznevisan3.com/proposal/phd/,200,https://teznevisan3.com/2023/05/,301,می 2023,,,true,false,false
Href link,false,https://teznevisan3.com/paper-writing-tutorials/,200,https://teznevisan3.com/2023/05/,301,می 2023,,,true,false,false
Href link,true,https://teznevisan3.com/writing-english-isi-papers/,200,https://tielabs.com/go/jannah-sites-footer,301,Jannah News طراح قالب TieLabs,,,true,false,false
Href link,true,https://teznevisan3.com/simulation/,200,https://teznevisan3.com/simulation/?random-post=1,302,نوشته تصادفی,,,true,true,false
Href link,true,https://teznevisan3.com/research-types/,200,https://teznevisan3.com/research-types/?random-post=1,302,نوشته تصادفی,,,true,false,false
Href link,false,https://teznevisan3.com/writing-thesis/phd/,200,https://teznevisan3.com/2024/10/,301,اکتبر 2024,,,true,false,false
Href link,false,https://teznevisan3.com/research-types/,200,https://teznevisan3.com/2024/09/,301,سپتامبر 2024,,,true,false,false
Href link,false,https://teznevisan3.com/statistical-analysis/,200,https://teznevisan3.com/2025/03/,301,مارس 2025,,,true,false,false
Href link,true,https://teznevisan3.com/paper/,200,https://teznevisan3.com/paper/?random-post=1,302,نوشته تصادفی,,,true,false,false
Href link,false,https://teznevisan3.com/thesis-writing-tutorials/,200,https://teznevisan3.com/2024/10/,301,اکتبر 2024,,,true,false,false
Href link,false,https://teznevisan3.com/writing-english-isi-papers/,200,https://teznevisan3.com/2024/10/,301,اکتبر 2024,,,true,false,false
Href link,true,https://teznevisan3.com/operation-research/,200,https://tielabs.com/go/jannah-sites-footer,301,Jannah News طراح قالب TieLabs,,,true,false,false
Href link,true,https://teznevisan3.com/about/,200,https://teznevisan3.com/about/?random-post=1,302,نوشته تصادفی,,,true,false,false
Href link,false,https://teznevisan3.com/research-types/,200,https://teznevisan3.com/2024/12/,301,دسامبر 2024,,,true,false,false
Href link,false,https://teznevisan3.com/true-research/,200,https://teznevisan3.com/2024/09/,301,سپتامبر 2024,,,true,false,false
Href link,true,https://teznevisan3.com/case-study/,200,https://teznevisan3.com/case-study/?random-post=1,302,نوشته تصادفی,,,true,false,false
Href link,false,https://teznevisan3.com/proposal/phd/,200,https://teznevisan3.com/2024/10/,301,اکتبر 2024,,,true,false,false
Href link,false,https://teznevisan3.com/matlab/,200,https://teznevisan3.com/inquiry,301,ثبت سفارش,,,true,false,false
Href link,false,https://teznevisan3.com/thesis-with-ai/,200,https://teznevisan3.com/2024/12/,301,دسامبر 2024,,,true,false,false
Href link,false,https://teznevisan3.com/case-study/,200,https://teznevisan3.com/2024/12/,301,دسامبر 2024,,,true,false,false
Href link,false,https://teznevisan3.com/plagiarism-check/,200,https://teznevisan3.com/2023/08/,301,آگوست 2023,,,true,false,false
Href link,false,https://teznevisan3.com/thesis-writing-duration/,200,https://teznevisan3.com/thesis-writing/,301,پایان نامه,,,true,false,false
Href link,false,https://teznevisan3.com/correlation-research/,200,https://teznevisan3.com/2024/09/,301,سپتامبر 2024,,,true,false,false
Href link,false,https://teznevisan3.com/causal-comparative-research/,200,https://teznevisan3.com/2023/08/,301,آگوست 2023,,,true,false,false
Href link,true,https://teznevisan3.com/writing-paper/isi/,200,https://teznevisan3.com/writing-paper/isi/?random-post=1,302,نوشته تصادفی,,,true,false,false
Href link,false,https://teznevisan3.com/assignment-writing/,200,https://teznevisan3.com/2024/09/,301,سپتامبر 2024,,,true,false,false
Href link,false,https://teznevisan3.com/causal-comparative-research/,200,https://teznevisan3.com/2024/10/,301,اکتبر 2024,,,true,false,false
Href link,true,https://teznevisan3.com/plagiarism-check/,200,https://teznevisan3.com/plagiarism-check/?random-post=1,302,نوشته تصادفی,,,true,false,false
Href link,false,https://teznevisan3.com/writing-thesis/phd/,200,https://teznevisan3.com/2024/12/,301,دسامبر 2024,,,true,false,false
Href link,false,https://teznevisan3.com/statistical-analysis/sas/,200,https://teznevisan3.com/2024/12/,301,دسامبر 2024,,,true,false,false
Href link,false,https://teznevisan3.com/simulation/,200,https://teznevisan3.com/2024/09/,301,سپتامبر 2024,,,true,true,false
Href link,false,https://teznevisan3.com/plagiarism-check/,200,https://teznevisan3.com/2025/02/,301,فوریه 2025,,,true,false,false
Href link,true,https://teznevisan3.com/thesis-writing-duration/,200,https://tielabs.com/go/jannah-sites-footer,301,Jannah News طراح قالب TieLabs,,,true,false,false
Href link,false,https://teznevisan3.com/writing-thesis/,200,https://teznevisan3.com/2025/02/,301,فوریه 2025,,,true,false,false
Href link,false,https://teznevisan3.com/proposal/,200,https://researchgate.net/,301,راهنمای طراحی تحقیق علمی,,,true,false,false
Href link,false,https://teznevisan3.com/writing-paper/isc/,200,https://teznevisan3.com/2023/05/,301,می 2023,,,true,false,false
Href link,false,https://teznevisan3.com/blog/,200,https://teznevisan3.com/2025/03/,301,مارس 2025,,,true,false,false
Href link,true,https://teznevisan3.com/thesis-writing-duration/,200,https://teznevisan3.com/thesis-writing-duration/?random-post=1,302,نوشته تصادفی,,,true,false,false
Href link,false,https://teznevisan3.com/thesis-writing-tutorials/,200,https://teznevisan3.com/inquiry,301,ثبت سفارش,,,true,false,false
Href link,false,https://teznevisan3.com/research-paper-for-apply/,200,https://teznevisan3.com/2024/10/,301,اکتبر 2024,,,true,false,false
Href link,false,https://teznevisan3.com/proposal/phd/,200,https://teznevisan3.com/inquiry,301,ثبت سفارش,,,true,false,false
Href link,false,https://teznevisan3.com/plagiarism-check/,200,https://teznevisan3.com/2023/05/,301,می 2023,,,true,false,false
Href link,false,https://teznevisan3.com/paper/,200,https://teznevisan3.com/2023/05/,301,می 2023,,,true,false,false
Href link,false,https://teznevisan3.com/disseertation-topic/,200,https://teznevisan3.com/2024/09/,301,سپتامبر 2024,,,true,false,false
Href link,false,https://teznevisan3.com/writing-paper/review-paper/,200,https://teznevisan3.com/2023/08/,301,آگوست 2023,,,true,false,false
Href link,false,https://teznevisan3.com/writing-paper/,200,https://teznevisan3.com/inquiry,301,ثبت سفارش,,,true,false,false
Href link,false,https://teznevisan3.com/abaqus/,200,https://teznevisan3.com/2024/09/,301,سپتامبر 2024,,,true,false,false
Href link,false,https://teznevisan3.com/causal-comparative-research/,200,https://teznevisan3.com/2023/05/,301,می 2023,,,true,false,false
Href link,false,https://teznevisan3.com/difference-between-job-student-cv/,200,https://teznevisan3.com/2024/09/,301,سپتامبر 2024,,,true,false,false
Href link,false,https://teznevisan3.com/writing-paper/review-paper/,200,https://teznevisan3.com/2025/02/,301,فوریه 2025,,,true,false,false
Href link,false,https://teznevisan3.com/writing-paper/,200,https://teznevisan3.com/2025/02/,301,فوریه 2025,,,true,false,false
Href link,false,https://teznevisan3.com/writing-paper/isc/,200,https://teznevisan3.com/2024/10/,301,اکتبر 2024,,,true,false,false
Href link,false,https://teznevisan3.com/research-methodology-tutorials/,200,https://teznevisan3.com/inquiry,301,ثبت سفارش,,,true,false,false
Href link,false,https://teznevisan3.com/thesis-writing-duration/,200,https://teznevisan3.com/inquiry,301,ثبت سفارش,,,true,false,false
