Link type,Is nofollow,Source URL,Source HTTP status code,Target URL,Target HTTP status code,Target no-crawl reason,Is source canonical,Is source noindex,Is target canonical,Is target noindex,Is link self-referencing
Canonical,false,https://teznevisan3.com/simulation/,200,https://teznevisan3.com/simulation/,200,,true,true,true,true,true
Canonical,false,https://teznevisan3.com/inquiry,301,https://teznevisan3.com/inquiry/,200,,false,false,true,false,false
Canonical,false,https://teznevisan3.com/statistical-analysis/sas/,200,https://teznevisan3.com/statistical-analysis/sas/,200,,true,false,true,false,true
Canonical,false,https://teznevisan3.com/writing-english-isi-papers/,200,https://teznevisan3.com/writing-english-isi-papers/,200,,true,false,true,false,true
Canonical,false,https://teznevisan3.com/thesis-writing-duration/,200,https://teznevisan3.com/thesis-writing-duration/,200,,true,false,true,false,true
Canonical,false,https://teznevisan3.com/citation/,200,https://teznevisan3.com/citation/,200,,true,false,true,false,true
Canonical,false,https://teznevisan3.com/withdraw-from-university/,200,https://teznevisan3.com/withdraw-from-university/,200,,true,false,true,false,true
Canonical,false,https://teznevisan3.com/qualitative-method/,200,https://teznevisan3.com/qualitative-method/,200,,true,false,true,false,true
Canonical,false,https://teznevisan3.com/writing-paper/review-paper/,200,https://teznevisan3.com/writing-paper/review-paper/,200,,true,false,true,false,true
Canonical,false,https://teznevisan3.com/minitab/,200,https://teznevisan3.com/minitab/,200,,true,false,true,false,true
Canonical,false,https://teznevisan3.com/how-to-find-base-research-paper/,200,https://teznevisan3.com/how-to-find-base-research-paper/,200,,true,false,true,false,true
Canonical,false,https://teznevisan3.com/thesis-writing-tutorials/,200,https://teznevisan3.com/thesis-writing-tutorials/,200,,true,false,true,false,true
Canonical,false,https://teznevisan3.com/assignment-writing/,200,https://teznevisan3.com/assignment-writing/,200,,true,false,true,false,true
Canonical,false,https://teznevisan3.com/thesis/,200,https://teznevisan3.com/thesis/,200,,true,false,true,false,true
Canonical,false,https://teznevisan3.com/,200,https://teznevisan3.com/,200,,true,false,true,false,true
Canonical,false,https://teznevisan3.com/military-services-project/,200,https://teznevisan3.com/military-services-project/,200,,true,false,true,false,true
Canonical,false,https://teznevisan3.com/thesis-to-book/,200,https://teznevisan3.com/thesis-to-book/,200,,true,false,true,false,true
Canonical,false,https://teznevisan3.com/python/,200,https://teznevisan3.com/python/,200,,true,false,true,false,true
Canonical,false,https://teznevisan3.com/researach-hypothesis/,200,https://teznevisan3.com/researach-hypothesis/,200,,true,false,true,false,true
Canonical,false,https://teznevisan3.com/case-study/,200,https://teznevisan3.com/case-study/,200,,true,false,true,false,true
Canonical,false,https://teznevisan3.com/inquiry/,200,https://teznevisan3.com/inquiry/,200,,true,false,true,false,true
Canonical,false,https://teznevisan3.com/disseertation-topic/,200,https://teznevisan3.com/disseertation-topic/,200,,true,false,true,false,true
Canonical,false,https://teznevisan3.com/statistical-analysis/,200,https://teznevisan3.com/statistical-analysis/,200,,true,false,true,false,true
Canonical,false,https://teznevisan3.com/complaint/,200,https://teznevisan3.com/complaint/,200,,true,false,true,false,true
Canonical,false,https://teznevisan3.com/2023/05/,301,https://teznevisan3.com/2023/05/,301,,true,false,true,false,true
Canonical,false,https://teznevisan3.com/writing-paper/isc/,200,https://teznevisan3.com/writing-paper/isc/,200,,true,false,true,false,true
Canonical,false,https://teznevisan3.com/2024/12/,301,https://teznevisan3.com/2024/12/,301,,true,false,true,false,true
Canonical,false,https://teznevisan3.com/contact-us/,200,https://teznevisan3.com/contact-us/,200,,true,false,true,false,true
Canonical,false,https://teznevisan3.com/writing-paper/isi/,200,https://teznevisan3.com/writing-paper/isi/,200,,true,false,true,false,true
Canonical,false,https://teznevisan3.com/2025/02/,301,https://teznevisan3.com/2025/02/,301,,true,false,true,false,true
Canonical,false,https://teznevisan3.com/how-to-search-research-paper/,200,https://teznevisan3.com/how-to-search-research-paper/,200,,true,false,true,false,true
Canonical,false,https://teznevisan3.com/writing-thesis/phd/,200,https://teznevisan3.com/writing-thesis/phd/,200,,true,false,true,false,true
Canonical,false,https://teznevisan3.com/statistical-analysis/spss/,200,https://teznevisan3.com/statistical-analysis/spss/,200,,true,false,true,false,true
Canonical,false,https://teznevisan3.com/acknowledgement/,200,https://teznevisan3.com/acknowledgement/,200,,true,false,true,false,true
Canonical,false,https://teznevisan3.com/research-types/,200,https://teznevisan3.com/research-types/,200,,true,false,true,false,true
Canonical,false,https://teznevisan3.com/operation-research/,200,https://teznevisan3.com/operation-research/,200,,true,false,true,false,true
Canonical,false,https://teznevisan3.com/extracting-paper-from-dissertation/,200,https://teznevisan3.com/extracting-paper-from-dissertation/,200,,true,false,true,false,true
Canonical,false,https://teznevisan3.com/research-methodology-tutorials/,200,https://teznevisan3.com/research-methodology-tutorials/,200,,true,false,true,false,true
Canonical,false,https://teznevisan3.com/become-researcher/,200,https://teznevisan3.com/become-researcher/,200,,true,false,true,false,true
Canonical,false,https://teznevisan3.com/about/,200,https://teznevisan3.com/about/,200,,true,false,true,false,true
Canonical,false,https://teznevisan3.com/2024/09/,301,https://teznevisan3.com/2024/09/,301,,true,false,true,false,true
Canonical,false,https://teznevisan3.com/thesis-with-ai/,200,https://teznevisan3.com/thesis-with-ai/,200,,true,false,true,false,true
Canonical,false,https://teznevisan3.com/blog/,200,https://teznevisan3.com/blog/,200,,true,false,true,false,true
Canonical,false,https://teznevisan3.com/writing-thesis/,200,https://teznevisan3.com/writing-thesis/,200,,true,false,true,false,true
Canonical,false,https://teznevisan3.com/2023/08/,301,https://teznevisan3.com/2023/08/,301,,true,false,true,false,true
Canonical,false,https://teznevisan3.com/how-to-write-review-paper/,200,https://teznevisan3.com/how-to-write-review-paper/,200,,true,false,true,false,true
Canonical,false,https://teznevisan3.com/how-to-write-thesis/,200,https://teznevisan3.com/how-to-write-thesis/,200,,true,false,true,false,true
Canonical,false,https://teznevisan3.com/plagiarism-check/,200,https://teznevisan3.com/plagiarism-check/,200,,true,false,true,false,true
Canonical,false,https://teznevisan3.com/matlab/,200,https://teznevisan3.com/matlab/,200,,true,false,true,false,true
Canonical,false,https://teznevisan3.com/paper/,200,https://teznevisan3.com/paper/,200,,true,false,true,false,true
Canonical,false,https://teznevisan3.com/2025/03/,301,https://teznevisan3.com/2025/03/,301,,true,false,true,false,true
Canonical,false,https://teznevisan3.com/hiring/,200,https://teznevisan3.com/hiring/,200,,true,false,true,false,true
Canonical,false,https://teznevisan3.com/writing-paper/conference-proceedings/,200,https://teznevisan3.com/writing-paper/conference-proceedings/,200,,true,false,true,false,true
Canonical,false,https://teznevisan3.com/research-methodology/,200,https://teznevisan3.com/research-methodology/,200,,true,false,true,false,true
Canonical,false,https://teznevisan3.com/correlation-research/,200,https://teznevisan3.com/correlation-research/,200,,true,false,true,false,true
Canonical,false,https://teznevisan3.com/proposal/,200,https://teznevisan3.com/proposal/,200,,true,false,true,false,true
Canonical,false,https://teznevisan3.com/writing-thesis/master/,200,https://teznevisan3.com/writing-thesis/master/,200,,true,false,true,false,true
Canonical,false,https://teznevisan3.com/academic-research-dictionary/,200,https://teznevisan3.com/academic-research-dictionary/,200,,true,false,true,false,true
Canonical,false,https://teznevisan3.com/abaqus/,200,https://teznevisan3.com/abaqus/,200,,true,false,true,false,true
Canonical,false,https://teznevisan3.com/research-paper-for-apply/,200,https://teznevisan3.com/research-paper-for-apply/,200,,true,false,true,false,true
Canonical,false,https://teznevisan3.com/2024/10/,301,https://teznevisan3.com/2024/10/,301,,true,false,true,false,true
Canonical,false,https://teznevisan3.com/difference-between-job-student-cv/,200,https://teznevisan3.com/difference-between-job-student-cv/,200,,true,false,true,false,true
Canonical,false,https://www.teznevisan3.com/,301,https://teznevisan3.com/,200,,false,false,true,false,false
Canonical,false,https://teznevisan3.com/paper-writing-tutorials/,200,https://teznevisan3.com/paper-writing-tutorials/,200,,true,false,true,false,true
Canonical,false,https://teznevisan3.com/true-research/,200,https://teznevisan3.com/true-research/,200,,true,false,true,false,true
Canonical,false,https://teznevisan3.com/finite-element-method/,200,https://teznevisan3.com/finite-element-method/,200,,true,false,true,false,true
Canonical,false,https://teznevisan3.com/writing-paper/,200,https://teznevisan3.com/writing-paper/,200,,true,false,true,false,true
Canonical,false,https://teznevisan3.com/optimisation/,200,https://teznevisan3.com/optimisation/,200,,true,false,true,false,true
Canonical,false,https://teznevisan3.com/statistical-population/,200,https://teznevisan3.com/statistical-population/,200,,true,false,true,false,true
Canonical,false,https://teznevisan3.com/causal-comparative-research/,200,https://teznevisan3.com/causal-comparative-research/,200,,true,false,true,false,true
Canonical,false,https://teznevisan3.com/proposal/phd/,200,https://teznevisan3.com/proposal/phd/,200,,true,false,true,false,true
