PR,URL,HTTP status code,Content type,Is indexable page,Title,Title length,Meta description,Meta description length,H1,H1 length,Meta robots,Robots information in HTTP headers,Canonical URL,Canonical URL code,Size (bytes),No. of content words,Depth,No. of href inlinks,No. of inlinks dofollow,No. of internal outlinks,No. of external outlinks,Loading time (ms),Redirect URL,Redirect URL code,Final redirect URL,Final redirect URL code,Organic traffic,No. of backlinks,No. of dofollow backlinks,No. of nofollow backlinks,No. of referring domains,No. of referring pages
40,https://teznevisan3.com/,200,text/html; charset=utf-8,true,انجام پروژه دانشجویی (کلاسی، پژوهشی، فوری) به صورت محرمانه | موسسه تزنویسان,75,تزنویسان بهترین جا برای سفارش انجام پروژه دانشجویی است زیرا پژوهشگران تزنویسان کیفیت کار را تضمین می کنند و قیمت پروژه ها مناسب است. در صورتی که پروژه مورد نظر شما تحقیق کلاسی باشد با حداقل ترین هزینه، یعنی به صورت صفحه ای انجام می شود.,236,"موسسه تزنویسان
انجام پروژه دانشجویی","14
20","follow
index
max-image-preview:large
max-snippet:-1
max-video-preview:-1",,https://teznevisan3.com/,200,80160,2799,0,64,64,31,9,1280,,,,,0,105,25,80,28,105
38,https://teznevisan3.com/research-paper-for-apply/,200,text/html; charset=utf-8,true,اصول نوشتن مقاله علمی برای مهاجرت تحصیلی: از انتخاب موضوع تا چاپ مقاله | موسسه تزنویسان,87,در این مقاله، به بررسی اصول نوشتن مقاله علمی برای مهاجرت تحصیلی خواهیم پرداخت و نکات ضروری برای نوشتن مقاله‌ای باکیفیت را بیان خواهیم کرد.,138,اصول نوشتن مقاله علمی برای مهاجرت تحصیلی,40,"follow
index
max-image-preview:large
max-snippet:-1
max-video-preview:-1",,https://teznevisan3.com/research-paper-for-apply/,200,73534,1171,1,61,61,46,12,2010,,,,,0,0,0,0,0,0
38,https://teznevisan3.com/difference-between-job-student-cv/,200,text/html; charset=utf-8,true,تفاوت رزومه تحصیلی و رزومه شغلی | موسسه تزنویسان,48,تفاوت‌هایی میان رزومه تحصیلی و رزومه شغلی وجود دارد با ما همراه باشید تا در این مطلب درباره تفاوت رزومه تحصیلی و رزومه شغلی بیشتر بیاموزیم.,139,تفاوت رزومه تحصیلی و رزومه شغلی,31,"follow
index
max-image-preview:large
max-snippet:-1
max-video-preview:-1",,https://teznevisan3.com/difference-between-job-student-cv/,200,79353,1351,1,61,61,44,12,836,,,,,0,0,0,0,0,0
38,https://teznevisan3.com/academic-research-dictionary/,200,text/html; charset=utf-8,true,دیکشنری و فرهنگ لغت اصطلاحات پژوهشی در انجام پایان نامه + مثال | موسسه تزنویسان,79,جامع‌ترین اصطلاح‌نامه پژوهش و نگارش آکادمیک: اصطلاحات مقاله نویسی، پایان نامه نویسی، روش تحقیق، سابمیت، داوری، چاپ مقاله در ژورنال‌ها + مثال,140,دیکشنری اصطلاحات پژوهش در انجام پایان نامه,42,"follow
index
max-image-preview:large
max-snippet:-1
max-video-preview:-1",,https://teznevisan3.com/academic-research-dictionary/,200,197774,16774,1,61,61,60,12,1193,,,,,0,0,0,0,0,0
38,https://teznevisan3.com/thesis-writing-duration/,200,text/html; charset=utf-8,true,نوشتن پایان نامه چقدر زمان میبرد؟ | موسسه تزنویسان,50,یکی از مهم‌ترین سوالاتی که ذهن دانشجویان را در مقاطع کارشناسی ارشد و دکتری به خود مشغول می‌کند این است که نوشتن پایان نامه چقدر زمان میبرد؟ برای,144,نوشتن پایان نامه چقدر زمان میبرد؟,33,"follow
index
max-image-preview:large
max-snippet:-1
max-video-preview:-1",,https://teznevisan3.com/thesis-writing-duration/,200,80238,1528,1,61,61,48,12,875,,,,,0,0,0,0,0,0
37,https://teznevisan3.com/how-to-search-research-paper/,200,text/html; charset=utf-8,true,چگونه مقاله سرچ کنیم؟ راهنمای جامع برای جستجوی مقالات علمی معتبر | موسسه تزنویسان,81,اگر به دنبال اطلاعات دقیق و معتبر در مورد یک موضوع خاص هستید، اولین قدم جستجوی دقیق و مؤثر مقالات علمی است.,107,چگونه مقاله سرچ کنیم؟,21,"follow
index
max-image-preview:large
max-snippet:-1
max-video-preview:-1",,https://teznevisan3.com/how-to-search-research-paper/,200,73763,1230,1,61,61,45,12,2231,,,,,0,0,0,0,0,0
37,https://teznevisan3.com/statistical-analysis/spss/,200,text/html; charset=utf-8,true,انجام پروژه SPSS (نرم‌افزار اس پی اس اس) با قیمت مناسب برای پایان‌نامه و مقاله| موسسه تزنویسان,94,انجام پروژه SPSS یا همان اس پی اس اس برای فصل چهارم پایان نامه یا تحلیل مقالات علمی پژوهشی توسط گروه آماری تزنویسان صورت می پذیرد.,130,"انجام پروژه SPSS
انجام پروژه SPSS","16
16","follow
index
max-image-preview:large
max-snippet:-1
max-video-preview:-1",,https://teznevisan3.com/statistical-analysis/spss/,200,82473,2896,1,61,61,44,9,828,,,,,0,0,0,0,0,0
37,https://teznevisan3.com/statistical-analysis/,200,text/html; charset=utf-8,true,انجام تحلیل آماری [کلیه نرم افزارها] برای پایان‌نامه و مقاله با قیمت مناسب و فوری | موسسه تزنویسان,98,موسسه تزنویسان یکی از موسسه های قوی در زمینه انجام تحلیل آماری با نرم افزارهای مختلف نظیر SPSS، Minitab، Amos، Lisrel و غیره است.,129,"انجام تحلیل آماری
انجام تحلیل آماری","17
17","follow
index
max-image-preview:large
max-snippet:-1
max-video-preview:-1",,https://teznevisan3.com/statistical-analysis/,200,77700,2796,1,61,61,44,9,1506,,,,,0,0,0,0,0,0
37,https://teznevisan3.com/proposal/,200,text/html; charset=utf-8,true,سفارش انجام پروپوزال کارشناسی ارشد فوری | موسسه تزنویسان,56,برای سفارش انجام پروپوزال و پایان نامه کارشناسی ارشد به صورت 0 تا 100 همین حالا با ما تماس بگیرید و از 10% تخفیف ویژه برخوردار شوید.,132,"انجام پروپوزال
انجام پروپوزال","14
14","follow
index
max-image-preview:large
max-snippet:-1
max-video-preview:-1",,https://teznevisan3.com/proposal/,200,82893,2986,1,61,61,44,9,819,,,,,0,0,0,0,0,0
37,https://teznevisan3.com/blog/,200,text/html; charset=utf-8,true,بلاگ | موسسه تزنویسان,21,,,بلاگ,4,"follow
index
max-image-preview:large
max-snippet:-1
max-video-preview:-1",,https://teznevisan3.com/blog/,200,57098,559,1,61,61,45,3,810,,,,,0,0,0,0,0,0
37,https://teznevisan3.com/writing-paper/review-paper/,200,text/html; charset=utf-8,true,انجام مقاله مروری با قیمت مناسب + فوری + تضمینی | موسسه تزنویسان,64,مقالات مروری جامع‌ترین نوع انتشارات علمی بدون نیاز به جمع‌آوری داده جدید هستند و دانش موجود در یک حوزه را به‌طور سیستماتیک تحلیل می‌کنند. مرور سیستماتیک همراه,158,"انجام مقاله مروری
انجام مقاله مروری","17
17","follow
index
max-image-preview:large
max-snippet:-1
max-video-preview:-1",,https://teznevisan3.com/writing-paper/review-paper/,200,73738,1517,1,61,61,44,8,1697,,,,,0,0,0,0,0,0
37,https://teznevisan3.com/hiring/,200,text/html; charset=utf-8,true,فرصت های شغلی | موسسه تزنویسان,30,استخدام محقق و پژوهشگر خبره همواره یکی از الویت های تیم پژوهشی تز نویسان بوده است زیرا ارائه خدمات پژوهشی با کیفیت بالا اینگونه می طلبد.,136,فرصت های شغلی,13,"follow
index
max-image-preview:large
max-snippet:-1
max-video-preview:-1",,https://teznevisan3.com/hiring/,200,57705,1401,1,61,61,49,3,1482,,,,,0,0,0,0,0,0
37,https://teznevisan3.com/writing-paper/conference-proceedings/,200,text/html; charset=utf-8,true,انجام مقاله کنفرانسی و همایشی | موسسه تزنویسان,46,مقالات کنفرانسی سریع‌ترین و مقرون‌به‌صرفه‌ترین راه برای تقویت رزومه تحصیلی و حرفه‌ای دانشجویان و اساتید است. برخلاف مقالات ژورنال ISI که ۸ تا ۱۸ ماه زمان,153,"انجام مقاله کنفرانسی و همایشی
انجام مقاله کنفرانسی و همایشی","29
29","follow
index
max-image-preview:large
max-snippet:-1
max-video-preview:-1",,https://teznevisan3.com/writing-paper/conference-proceedings/,200,73856,1471,1,61,61,44,8,1420,,,,,0,0,0,0,0,0
37,https://teznevisan3.com/writing-thesis/,200,text/html; charset=utf-8,true,انجام پایان نامه فوری توسط پژوهشگرهای متخصص + تضمینی 1 ماهه | موسسه تزنویسان,76,قیمت انجام پایان نامه در این وب سایت بسیار مناسب تر از سایر وب سایت ها و موسسات انجام پایان نامه دیگر می باشد و در نتیجه شما با استفاده کردن از خدمات سفارش انجام پایان نامه ارشد و دکتری در موسسه تز نویسان در هزینه های خود صرفه جویی خواهید کرد.,243,"انجام پایان نامه
انجام پایان نامه","16
16","follow
index
max-image-preview:large
max-snippet:-1
max-video-preview:-1",,https://teznevisan3.com/writing-thesis/,200,76895,1660,1,61,61,44,8,826,,,,,0,178,106,72,4,178
37,https://teznevisan3.com/how-to-write-review-paper/,200,text/html; charset=utf-8,true,راهنمای تخصصی نگارش مقاله مروری | موسسه تزنویسان,48,در باب نگارش مقاله مروری باید اذعان داشت که هر محقق برای به‌روز کردن دانش خود یا ایجاد راهنمایی، به نتایج تحقیقات دیگر محققان اتکا می‌کند.,138,راهنمای تخصصی نگارش مقاله مروری,31,"follow
index
max-image-preview:large
max-snippet:-1
max-video-preview:-1",,https://teznevisan3.com/how-to-write-review-paper/,200,81788,1622,1,61,61,47,12,864,,,,,0,0,0,0,0,0
37,https://teznevisan3.com/proposal/phd/,200,text/html; charset=utf-8,true,انجام پروپوزال دکتری (PhD) تضمینی به صورت فوری | موسسه تزنویسان,63,هزینه انجام پروپوزال دکتری یک هزینه ثابت نیست ولی ثابت خواهیم کرد قیمت نوشتن پروپوزال مقطع دکتری در موسسه تزنویسان واقعا به صرفه است!,133,"انجام پروپوزال دکتری
انجام پروپوزال دکتری","20
20","follow
index
max-image-preview:large
max-snippet:-1
max-video-preview:-1",,https://teznevisan3.com/proposal/phd/,200,83353,3115,1,61,61,44,9,864,,,,,0,0,0,0,0,0
37,https://teznevisan3.com/writing-english-isi-papers/,200,text/html; charset=utf-8,true,نوشتن مقاله انگلیسی ISI: چگونه بنویسیم؟؟! | موسسه تزنویسان,58,نوشتن مقاله انگلیسی ISI برای بسیاری از دانشجویان چالشی بزرگ به شمار می‌آید، به خصوص برای کسانی که پیشینه‌ای در نگارش مقالات علمی ندارند.,136,چگونه مقاله انگلیسی ISI برای چاپ در مجلات معتبر بنویسیم؟,56,"follow
index
max-image-preview:large
max-snippet:-1
max-video-preview:-1",,https://teznevisan3.com/writing-english-isi-papers/,200,76205,1437,1,61,61,45,12,1530,,,,,0,0,0,0,0,0
37,https://teznevisan3.com/about/,200,text/html; charset=utf-8,true,درباره موسسه تز نویسان | موسسه تزنویسان,39,موسسه تزنویسان (نام تجاری) در سال 1392 فعالیت خود را در زمینه آموزش امور پژوهشی آغاز کرد. با برگزاری دوره های حضوری آموزش روش تحقیق، انجام پروژه دانشجویی و,155,"درباره موسسه تز نویسان
درباره تز نویسان","22
16","follow
index
max-image-preview:large
max-snippet:-1
max-video-preview:-1",,https://teznevisan3.com/about/,200,61256,1024,1,61,61,45,3,1017,,,,,0,0,0,0,0,0
37,https://teznevisan3.com/how-to-write-thesis/,200,text/html; charset=utf-8,true,چگونه پایان نامه بنویسیم؟ | موسسه تزنویسان,42,برای نوشتن پایان نامه (How to Write a Thesis)، مراحل کلیدی ذکر شده در این مقاله را دنبال کنید:,94,چگونه پایان نامه بنویسیم؟,25,"follow
index
max-image-preview:large
max-snippet:-1
max-video-preview:-1",,https://teznevisan3.com/how-to-write-thesis/,200,74898,1229,1,61,61,48,12,1572,,,,,0,0,0,0,0,0
37,https://teznevisan3.com/writing-thesis/master/,200,text/html; charset=utf-8,true,انجام پایان نامه کارشناسی ارشد (Master's) + تضمینی + فوری + یک ماهه | موسسه تزنویسان,84,انجام پایان نامه کارشناسی ارشد (Master's thesis) تضمینی تنها در یک ماه با قیمت مناسب توسط موسسه تزنویسان با تخفیف ویژه برای نخستین سفارش,136,"انجام پایان نامه کارشناسی ارشد
انجام پایان نامه کارشناسی ارشد","30
30","follow
index
max-image-preview:large
max-snippet:-1
max-video-preview:-1",,https://teznevisan3.com/writing-thesis/master/,200,79864,2982,1,61,61,44,9,1483,,,,,0,0,0,0,0,0
37,https://teznevisan3.com/writing-paper/,200,text/html; charset=utf-8,true,انجام مقاله با قیمت مناسب [تضمینی + 20% تخفیف] به صورت فوری | موسسه تزنویسان,76,انتشار مقاله در مجلات معتبر بین‌المللی یکی از مهم‌ترین اهداف پژوهشگران، دانشجویان دکتری و اساتید دانشگاه است. انجام مقاله ISI یکی از مهم‌ترین مراحل برای,152,"انجام مقاله
انجام مقاله","11
11","follow
index
max-image-preview:large
max-snippet:-1
max-video-preview:-1",,https://teznevisan3.com/writing-paper/,200,79654,3340,1,61,61,44,9,2989,,,,,0,0,0,0,0,0
37,https://teznevisan3.com/contact-us/,200,text/html; charset=utf-8,true,تماس با تزنویسان | موسسه تزنویسان,33,آدرس اول: تهران، بلوار کشاورز، خیابان کارگر شمالی، بالاتر از نصرت، نبش کوچه عبدی نژاد، پلاک 8، موسسه تز نویسان,110,"تماس با تزنویسان
تماس با ما","16
10","follow
index
max-image-preview:large
max-snippet:-1
max-video-preview:-1",,https://teznevisan3.com/contact-us/,200,61102,843,1,61,61,45,4,830,,,,,0,0,0,0,0,0
37,https://teznevisan3.com/writing-paper/isc/,200,text/html; charset=utf-8,true,انجام مقاله ISC | موسسه تزنویسان,32,مقالات ISC معتبرترین گزینه داخلی برای دانشجویان ارشد و دکتری و اساتید دانشگاه محسوب می‌شود و انتشار در پایگاه استنادی علوم جهان اسلام، امتیاز ویژه برای دفاع,156,"انجام مقاله ISC
انجام مقاله ISC","15
15","follow
index
max-image-preview:large
max-snippet:-1
max-video-preview:-1",,https://teznevisan3.com/writing-paper/isc/,200,77765,2430,1,61,61,44,8,2152,,,,,0,0,0,0,0,0
37,https://teznevisan3.com/statistical-analysis/sas/,200,text/html; charset=utf-8,true,انجام پروژه SAS [تحلیل آماری مقاله ISI و پایان نامه کلیه رشته ها] | موسسه تزنویسان,82,انجام پروژه و تحلیل آماری با استفاده از نرم افزار SAS با نازل ترین قیمت توسط اساتید دانشگاه مستقر در موسسه تزنویسان تنها در 3 روز کاری!,135,"انجام پروژه SAS
انجام پروژه SAS","15
15","follow
index
max-image-preview:large
max-snippet:-1
max-video-preview:-1",,https://teznevisan3.com/statistical-analysis/sas/,200,78628,2975,1,61,61,44,9,1471,,,,,0,0,0,0,0,0
37,https://teznevisan3.com/complaint/,200,text/html; charset=utf-8,true,نظرسنجی و گزارش عملکرد تز نویسان | موسسه تزنویسان,49,با سلام!,8,نظرسنجی و گزارش عملکرد تز نویسان,32,"follow
index
max-image-preview:large
max-snippet:-1
max-video-preview:-1",,https://teznevisan3.com/complaint/,200,56375,742,1,61,61,44,3,1449,,,,,0,0,0,0,0,0
37,https://teznevisan3.com/writing-paper/isi/,200,text/html; charset=utf-8,true,انجام مقاله ISI با قیمت مناسب در کلیه ژورنال های معتبر + Open Access | موسسه تزنویسان,85,مقالات ISI معتبرترین دستاورد علمی برای اساتید، دانشجویان دکتری و پژوهشگران محسوب می‌شود و انتشار در Web of Science با Impact Factor، H-Index را ارتقا داده و,156,"انجام مقاله ISI
انجام مقاله ISI","15
15","follow
index
max-image-preview:large
max-snippet:-1
max-video-preview:-1",,https://teznevisan3.com/writing-paper/isi/,200,74803,1616,1,61,61,44,9,1541,,,,,0,0,0,0,0,0
37,https://teznevisan3.com/thesis-with-ai/,200,text/html; charset=utf-8,true,نوشتن پایان نامه با هوش مصنوعی: مزایا و معایب | موسسه تزنویسان,62,استفاده از هوش مصنوعی (Artificial Intelligence - AI) در نگارش پایان نامه (Thesis Writing with AI) به سرعت در حال گسترش است و پژوهشگران بسیاری از ابزارهای,153,نوشتن پایان نامه با هوش مصنوعی: مزایا و معایب,45,"follow
index
max-image-preview:large
max-snippet:-1
max-video-preview:-1",,https://teznevisan3.com/thesis-with-ai/,200,78616,2195,1,61,61,46,12,2336,,,,,0,0,0,0,0,0
37,https://teznevisan3.com/how-to-find-base-research-paper/,200,text/html; charset=utf-8,true,چگونه مقاله بیس برای پایان نامه پیدا کنیم؟ | موسسه تزنویسان,59,انتخاب مقاله بیس مناسب یکی از مهم‌ترین مراحل در فرایند نوشتن مقاله علمی، انجام پایان‌نامه یا پروپوزال است.,106,چگونه مقاله بیس برای پایان نامه پیدا کنیم؟,42,"follow
index
max-image-preview:large
max-snippet:-1
max-video-preview:-1",,https://teznevisan3.com/how-to-find-base-research-paper/,200,79206,1329,1,61,61,44,12,976,,,,,0,0,0,0,0,0
37,https://teznevisan3.com/writing-thesis/phd/,200,text/html; charset=utf-8,true,انجام تز و رساله دکتری (PhD) + پایان‌نامه تضمینی با قیمت مناسب | موسسه تزنویسان,79,در صورتی که پایان نامه دکتری برای انجام دارید و نمی دانید از کجا شروع کنید، مسیر را درست آمده اید. ما تاکنون صدها تز دکتری نوشته ایم.,133,"انجام پایان نامه دکتری
انجام پایان نامه دکتری","22
22","follow
index
max-image-preview:large
max-snippet:-1
max-video-preview:-1",,https://teznevisan3.com/writing-thesis/phd/,200,83938,3053,1,61,61,44,9,832,,,,,0,0,0,0,0,0
36,https://teznevisan3.com/thesis/,200,text/html; charset=utf-8,true,انجام پایان نامه | موسسه تزنویسان,33,,,انجام پایان نامه,16,"follow
index
max-image-preview:large
max-snippet:-1
max-video-preview:-1",,https://teznevisan3.com/thesis/,200,57340,637,2,60,60,47,3,862,,,,,0,0,0,0,0,0
36,https://teznevisan3.com/paper/,200,text/html; charset=utf-8,true,انجام مقاله | موسسه تزنویسان,28,,,انجام مقاله,11,"follow
index
max-image-preview:large
max-snippet:-1
max-video-preview:-1",,https://teznevisan3.com/paper/,200,57151,593,2,60,60,46,3,1336,,,,,0,0,0,0,0,0
36,https://teznevisan3.com/thesis-writing-tutorials/,200,text/html; charset=utf-8,true,آموزش پایان نامه نویسی | موسسه تزنویسان,39,,,آموزش پایان نامه نویسی,22,"follow
index
max-image-preview:large
max-snippet:-1
max-video-preview:-1",,https://teznevisan3.com/thesis-writing-tutorials/,200,59488,779,2,60,60,47,3,807,,,,,0,0,0,0,0,0
36,https://teznevisan3.com/research-methodology-tutorials/,200,text/html; charset=utf-8,true,آموزش روش تحقیق و پژوهش | موسسه تزنویسان,40,,,آموزش روش تحقیق و پژوهش,23,"follow
index
max-image-preview:large
max-snippet:-1
max-video-preview:-1",,https://teznevisan3.com/research-methodology-tutorials/,200,58475,873,2,60,60,53,3,827,,,,,0,0,0,0,0,0
36,https://teznevisan3.com/assignment-writing/,200,text/html; charset=utf-8,true,انجام پروژه دانشجویی | موسسه تزنویسان,37,,,انجام پروژه دانشجویی,20,"follow
index
max-image-preview:large
max-snippet:-1
max-video-preview:-1",,https://teznevisan3.com/assignment-writing/,200,56932,562,2,60,60,44,3,813,,,,,0,0,0,0,0,0
36,https://teznevisan3.com/paper-writing-tutorials/,200,text/html; charset=utf-8,true,آموزش مقاله نویسی | موسسه تزنویسان,34,,,آموزش مقاله نویسی,17,"follow
index
max-image-preview:large
max-snippet:-1
max-video-preview:-1",,https://teznevisan3.com/paper-writing-tutorials/,200,57396,706,2,60,60,44,3,802,,,,,0,0,0,0,0,0
23,https://teznevisan3.com/true-research/,200,text/html; charset=utf-8,true,روند صحیح پژوهش و کارهای پژوهشی | موسسه تزنویسان,48,برخی دانشجویان و پژوهشگران نوپا تصور می نمایند که بخش هایی از روند پژوهش، کاری است عبث و بیهوده و صرفا بنا به خواسته مصرانه اساتید باید انجام پذیرد. حال آنکه،,158,روند صحیح پژوهش و کارهای پژوهشی,31,"follow
index
max-image-preview:large
max-snippet:-1
max-video-preview:-1",,https://teznevisan3.com/true-research/,200,81848,1596,2,7,7,51,12,829,,,,,0,0,0,0,0,0
23,https://teznevisan3.com/research-methodology/,200,text/html; charset=utf-8,true,مروری جامع به اصول و روش تحقیق | موسسه تزنویسان,47,روش تحقیق (به انگلیسی Research Methodology) یکی از مباحث مهم و کلیدی در فرایند انجام پژوهش است. روش تحقیق به مجموعه اصول، قواعد و روش‌هایی اطلاق می‌شود که,154,مروری جامع به اصول و روش تحقیق,30,"follow
index
max-image-preview:large
max-snippet:-1
max-video-preview:-1",,https://teznevisan3.com/research-methodology/,200,75988,1540,2,6,6,51,13,1584,,,,,0,0,0,0,0,0
23,https://teznevisan3.com/correlation-research/,200,text/html; charset=utf-8,true,پژوهش همبستگی و رگرسیون: راهنمای جامع، انواع، کاربردها و نرم‌افزارها | موسسه تزنویسان,85,پژوهش همبستگی و رگرسیون چیست؟ راهنمای جامع انواع پژوهش همبستگی، روش‌های تحلیل رگرسیون، کاربردها، تفاوت‌ها، نرم‌افزارها و...,123,پژوهش همبستگی و رگرسیون: راهنمای جامع، انواع، کاربردها و نرم‌افزارها,68,"follow
index
max-image-preview:large
max-snippet:-1
max-video-preview:-1",,https://teznevisan3.com/correlation-research/,200,95944,4891,2,5,5,53,12,2181,,,,,0,0,0,0,0,0
23,https://teznevisan3.com/finite-element-method/,200,text/html; charset=utf-8,true,آموزش جامع روش اجزاء محدود (FEM) | موسسه تزنویسان,49,روش اجزاء محدود روشی عددی است که از طریق آن معادلات دیفرانسیلی حاکم بر پدیده‌های فیزیکی را مدل سازی و کنترل می‌کنیم. روش FEM به عنوان یکی از نوآورانه‌ترین و,156,آموزش جامع روش اجزاء محدود (FEM),32,"follow
index
max-image-preview:large
max-snippet:-1
max-video-preview:-1",,https://teznevisan3.com/finite-element-method/,200,88488,2411,2,8,8,52,12,914,,,,,0,0,0,0,0,0
22,https://teznevisan3.com/disseertation-topic/,200,text/html; charset=utf-8,true,انتخاب موضوع پایان نامه | موسسه تزنویسان,40,انتخاب موضوع پایان نامه احتمالا یکی از مهم ترین تصمیمات دوران تحصیل شما تلقی می شود. در واقع این کار اولین قدم یک پروسه طولانی است که پایان تحصیل شما را رقم,156,"انتخاب موضوع پایان نامه
انتخاب موضوع، مهم ترین بخش پایان نامه
چطور یک موضوع خوب انتخاب کنیم؟
ویژگی های یک موضوع خوب برای پایان نامه
چگونه مطمئن شویم موضوع ما کار نشده است؟
دریافت موضوع رایگان از موسسه تز نویسان","23
37
30
38
39
38","follow
index
max-image-preview:large
max-snippet:-1
max-video-preview:-1",,https://teznevisan3.com/disseertation-topic/,200,77057,1865,3,3,3,48,13,2923,,,,,0,0,0,0,0,0
22,https://teznevisan3.com/causal-comparative-research/,200,text/html; charset=utf-8,true,پژوهش علی (علت و معلولی) چیست؟ کاربرد + آموزش | تزنویسان,56,یک مقاله کامل و جامع در رابطه با تعریف، کاربرد، پژوهش های علی و کاربرد آنها در علوم مختلف به همراه انواع مثال ها در این صفحه برای شما تهیه شده است.,147,پژوهش علی (علت و معلولی) چیست؟ راهنمای کامل + مراحل و کاربرد,60,"follow
index
max-image-preview:large
max-snippet:-1
max-video-preview:-1",,https://teznevisan3.com/causal-comparative-research/,200,121555,8315,3,5,5,49,12,4461,,,,,0,0,0,0,0,0
22,https://teznevisan3.com/case-study/,200,text/html; charset=utf-8,true,مورد پژوهی [مطالعه موردی] در روش تحقیق | موسسه تزنویسان,55,مورد پژوهی در تدوین روش تحقیق که در فارسی با عناوین مشابهی از قبیل مطالعه موردی، قضیه پژوهی، تجربه یابی، تحقیق موردی نیز شناخته می شود، یکی دیگر از انواع روش,157,مورد پژوهی [مطالعه موردی] در روش تحقیق,38,"follow
index
max-image-preview:large
max-snippet:-1
max-video-preview:-1",,https://teznevisan3.com/case-study/,200,76033,1699,2,7,7,50,12,2264,,,,,0,0,0,0,0,0
22,https://teznevisan3.com/become-researcher/,200,text/html; charset=utf-8,true,چگونه پژوهشگر شویم؟ نقشه راه یادگیری و شروع کسب و کار | موسسه تزنویسان,70,علم بهتر است یا ثروت؟ این سوالی است که از دوران کودکی ذهنمان را مشغول خود کرده است. در بسیاری از مکان های آموزشی از ما پرسیده می شد و هیچوقت جواب قانع کننده,156,"چگونه پژوهشگر شویم؟ نقشه راه یادگیری و شروع کسب و کار
پژوهشگر کیست؟","53
13","follow
index
max-image-preview:large
max-snippet:-1
max-video-preview:-1",,https://teznevisan3.com/become-researcher/,200,81837,2581,2,7,7,52,12,1733,,,,,0,0,0,0,0,0
22,https://teznevisan3.com/research-types/,200,text/html; charset=utf-8,true,انواع پژوهش در روش تحقیق [آموزش کاربردی برای پایان نامه] | موسسه تزنویسان,73,آیا در ابتدای مسیر انجام پایان‌ نامه یا نگارش یک مقاله علمی هستید و از حجم گسترده و گاهی گیج‌ کننده اصطلاحات روش تحقیق احساس سردرگمی می‌کنید؟ انتخاب نوع پژوهش,158,انواع پژوهش در روش تحقیق [آموزش کاربردی برای پایان نامه],56,"follow
index
max-image-preview:large
max-snippet:-1
max-video-preview:-1",,https://teznevisan3.com/research-types/,200,114998,7384,2,5,5,49,12,2939,,,,,0,0,0,0,0,0
22,https://teznevisan3.com/qualitative-method/,200,text/html; charset=utf-8,true,روش تحقیق کیفی پایان‌نامه و مقاله: راهنمای جامع، انواع، مراحل و نرم‌افزارها | موسسه تزنویسان,92,در این مقاله به بررسی روش تحقیق کیفی، انواع آن و اهمیت رویکرد کیفی مقالات و پایان نامه های علوم اجتماعی و انسانی می‌پردازیم.,124,روش تحقیق کیفی در پایان نامه,28,"follow
index
max-image-preview:large
max-snippet:-1
max-video-preview:-1",,https://teznevisan3.com/qualitative-method/,200,88862,3525,2,7,7,47,12,2278,,,,,0,0,0,0,0,0
22,https://teznevisan3.com/researach-hypothesis/,200,text/html; charset=utf-8,true,آموزش جامع نوشتن فرضیه پژوهش برای پایان نامه | موسسه تزنویسان,61,نوشتن یک فرضیه پژوهش خوب، یکی از گام‌های کلیدی در هر پژوهش مخصوصا موسسه انجام پایان نامه است که مسیر تحقیق را مشخص می‌کند. در تحقیقات نیز، به عنوان سنگ بنای,156,آموزش جامع نوشتن فرضیه پژوهش برای پایان نامه,44,"follow
index
max-image-preview:large
max-snippet:-1
max-video-preview:-1",,https://teznevisan3.com/researach-hypothesis/,200,82230,2442,2,4,4,48,12,1637,,,,,0,0,0,0,0,0
22,https://teznevisan3.com/thesis-to-book/,200,text/html; charset=utf-8,true,تبدیل پایان نامه به کتاب جهت ارتقا رزومه | موسسه تزنویسان,57,تبدیل پایان نامه به کتاب علیرغم ساده بودن آن، مستلزم رعایت نکاتی جزئی می باشد. این نکات جزئی شامل نوع صفحه بندی کتاب، وارد نکردن بخش های خاصی از پایان نامه،,156,تبدیل پایان نامه به کتاب جهت ارتقا رزومه,40,"follow
index
max-image-preview:large
max-snippet:-1
max-video-preview:-1",,https://teznevisan3.com/thesis-to-book/,200,71814,1019,2,4,4,47,12,1913,,,,,0,0,0,0,0,0
22,https://teznevisan3.com/statistical-population/,200,text/html; charset=utf-8,true,جامعه پژوهش و جامعه آماری در پایان نامه و مقاله: تعریف، انواع، حجم نمونه و کاربرد | موسسه تزنویسان,98,جامعه پژوهش چیست؟ راهنمای جامع تعریف جامعه آماری، انواع نمونه‌گیری، روش‌های تعیین حجم نمونه، در پایان‌نامه و مقاله...,117,جامعه پژوهش و جامعه آماری در پایان نامه و مقاله,47,"follow
index
max-image-preview:large
max-snippet:-1
max-video-preview:-1",,https://teznevisan3.com/statistical-population/,200,85404,3089,2,6,6,51,12,1891,,,,,0,0,0,0,0,0
22,https://teznevisan3.com/plagiarism-check/,200,text/html; charset=utf-8,true,بررسی سرقت ادبی و کاهش درصد همانندجویی مقاله و پایان نامه | موسسه تزنویسان,74,گزارش همانندجوی شما بالای 20 درصد است و قصد دارید درصد همانندجویی پایان نامه خود را کاهش دهید؟ آن را به تز نویسان بسپارید تا به صورت حرفه ای بخش های کپی شده,156,بررسی سرقت ادبی و کاهش درصد همانندجویی مقاله و پایان نامه,57,"follow
index
max-image-preview:large
max-snippet:-1
max-video-preview:-1",,https://teznevisan3.com/plagiarism-check/,200,73111,1173,2,4,4,47,12,1547,,,,,0,0,0,0,0,0
21,https://teznevisan3.com/extracting-paper-from-dissertation/,200,text/html; charset=utf-8,true,استخراج مقاله از پایان نامه | موسسه تزنویسان,44,استخراج مقاله از پایان نامه بنظر می‌رسد که قدمی منطقی و به‌صرف زمانی در جهت تبدیل شدن به یک محقق خوش نام است. هرچند که انجام این فرآیند و طی کردن گام‌های,153,استخراج مقاله از پایان نامه,27,"follow
index
max-image-preview:large
max-snippet:-1
max-video-preview:-1",,https://teznevisan3.com/extracting-paper-from-dissertation/,200,82459,2554,3,2,2,48,12,1955,,,,,0,0,0,0,0,0
21,https://teznevisan3.com/acknowledgement/,200,text/html; charset=utf-8,true,نمونه متن تقدیر نامه پایان نامه | موسسه تزنویسان,48,در هر فعالیتی که انسان در طول زندگی خود انجام میدهد، دخالت احساسات مشاهده می شود. همه دیدید در تمامی مسابقات ورزشی، مدال آوران اولین حرف های خود پس از چنین,155,نمونه متن تقدیر نامه پایان نامه,31,"follow
index
max-image-preview:large
max-snippet:-1
max-video-preview:-1",,https://teznevisan3.com/acknowledgement/,200,77503,1982,2,5,5,47,12,1491,,,,,0,0,0,0,0,0
21,https://teznevisan3.com/citation/,200,text/html; charset=utf-8,true,روش های افزایش سایتیشن مقالات ISI | موسسه تزنویسان,50,اگر جزو کسانی باشید که به تازگی انجام پروژه‌ های دانشجویی خود را شروع کرده‌اند، احتمالا هنوز متوجه میزان اهمیت افزایش سایتیشن در نوشته‌های خود نشده‌اید.,152,روش های افزایش سایتیشن مقالات ISI,33,"follow
index
max-image-preview:large
max-snippet:-1
max-video-preview:-1",,https://teznevisan3.com/citation/,200,79431,2044,2,3,3,49,12,1562,,,,,0,0,0,0,0,0
21,https://teznevisan3.com/inquiry/,200,text/html; charset=utf-8,true,ثبت سفارش | موسسه تزنویسان,26,,,"ثبت سفارش
فرم ثبت سفارش انجام پروژه و امور پژوهشی","9
39","follow
index
max-image-preview:large
max-snippet:-1
max-video-preview:-1",,https://teznevisan3.com/inquiry/,200,61928,1219,2,0,0,45,4,999,,,,,0,0,0,0,0,0
20,https://teznevisan3.com/withdraw-from-university/,200,text/html; charset=utf-8,true,شرایط و مراحل درخواست انصراف از تحصیل از دانشگاه | موسسه تزنویسان,65,تحصیل در ایران همواره دانشجویان را با چالش های متعددی مواجه کرده است. تحصیل در شهرهایی غیر از محل زندگی دانشجویان، کمبود امکانات و مواردی مانند عدم علاقه,153,"شرایط و مراحل درخواست انصراف از تحصیل از دانشگاه
چرا یک دانشجو تصمیم به انصراف از تحصیل می گیرد؟
مراحل انصراف از تحصیل
انصراف از تحصیل در مقاطع مختلف به چه صورت است؟
هزینه های انصراف و محرومیت های پس از آن به چه صورت می باشد؟
عدم ثبت نام در دانشگاه در صورت قبولی
مشاوره انصراف از تحصیل","48
47
21
46
59
36
22","follow
index
max-image-preview:large
max-snippet:-1
max-video-preview:-1",,https://teznevisan3.com/withdraw-from-university/,200,84152,2170,2,1,1,45,12,814,,,,,0,0,0,0,0,0
20,https://teznevisan3.com/optimisation/,200,text/html; charset=utf-8,true,انجام پروژه بهینه سازی | موسسه تزنویسان,39,بهینه‌سازی در مهندسی و مدیریت، یافتن بهترین راه‌حل با محدودیت‌هاست. دانشجویان با چالش انتخاب الگوریتم، تنظیم پارامتر و تحلیل Pareto روبرو می‌شوند. تزنویسان,155,"انجام پروژه بهینه سازی
انجام پروژه بهینه سازی","22
22","follow
index
max-image-preview:large
max-snippet:-1
max-video-preview:-1",,https://teznevisan3.com/optimisation/,200,78157,3249,2,1,1,47,8,1520,,,,,0,0,0,0,0,0
20,https://teznevisan3.com/python/,200,text/html; charset=utf-8,true,انجام پروژه پایتون (Python) | موسسه تزنویسان,44,پایتون پرکاربردترین زبان برنامه‌نویسی جهان با ۵۲% سهم بازار علوم داده است. دانشجویان مهندسی کامپیوتر، هوش مصنوعی و علوم داده نیاز به پروژه‌های عملی Django،,155,"انجام پروژه پایتون (Python)
انجام پروژه پایتون (Python)","27
27","follow
index
max-image-preview:large
max-snippet:-1
max-video-preview:-1",,https://teznevisan3.com/python/,200,82742,3477,3,1,1,46,9,834,,,,,0,0,0,0,0,0
20,https://teznevisan3.com/minitab/,200,text/html; charset=utf-8,true,انجام پروژه مینی تب (Minitab) فوری + قیمت مناسب | موسسه تزنویسان,64,پایان‌نامه نقطه عطفی در مسیر تحصیلی هر دانشجو است. اهمیت کیفیت پژوهش، صحت روش‌شناسی و انسجام نگارش می‌تواند اثر مستقیمی بر نتیجه تحصیلی و فرصت‌های شغلی آینده,157,"انجام پروژه مینی تب (Minitab) فوری + قیمت مناسب
انجام پروژه مینی تب (Minitab) فوری + قیمت مناسب","47
47","follow
index
max-image-preview:large
max-snippet:-1
max-video-preview:-1",,https://teznevisan3.com/minitab/,200,77126,1830,3,1,1,47,8,817,,,,,0,0,0,0,0,0
20,https://teznevisan3.com/abaqus/,200,text/html; charset=utf-8,true,انجام پروژه آباکوس (Abaqus) | موسسه تزنویسان,44,پروژه‌های Abaqus در مهندسی مکانیک، عمران و مواد، ابزار کلیدی برای شبیه‌سازی المان محدود هستند. دانشجویان با چالش مدلسازی، مشبندی و تحلیل غیرخطی مواجه‌اند.,154,"انجام پروژه آباکوس (Abaqus)
انجام پروژه آباکوس (Abaqus)","27
27","follow
index
max-image-preview:large
max-snippet:-1
max-video-preview:-1",,https://teznevisan3.com/abaqus/,200,80659,2762,4,0,0,47,8,852,,,,,0,0,0,0,0,0
20,https://teznevisan3.com/military-services-project/,200,text/html; charset=utf-8,true,انجام پروژه کسری خدمت سربازی با قیمت مناسب | موسسه تزنویسان,59,کسری خدمت سربازی فرصتی قانونی برای کاهش مدت خدمت مشمولان واجد شرایط است. انواع کسری شامل ایثارگری (هر ماه جبهه=۱۲ روز)، بسیج فعال و تاهل می‌شود که بر اساس,154,"انجام پروژه کسری خدمت سربازی با قیمت مناسب
انجام پروژه کسری خدمت سربازی با قیمت مناسب","42
42","follow
index
max-image-preview:large
max-snippet:-1
max-video-preview:-1",,https://teznevisan3.com/military-services-project/,200,75247,2259,3,1,1,46,8,4209,,,,,0,0,0,0,0,0
20,https://teznevisan3.com/matlab/,200,text/html; charset=utf-8,true,انجام پروژه شبیه سازی متلب (MATLAB) | موسسه تزنویسان,52,شبیه‌سازی MATLAB ۶۰% فصل ۴ پایان‌نامه‌های مهندسی و ۸۰% مقالات Q1/Q2 را تشکیل می‌دهد. پروژه‌های کنترل PID/Fuzzy، پردازش سیگنال FFT، هوش مصنوعی Neural Network و,158,"انجام پروژه شبیه سازی متلب (MATLAB)
انجام پروژه شبیه سازی متلب (MATLAB)","35
35","follow
index
max-image-preview:large
max-snippet:-1
max-video-preview:-1",,https://teznevisan3.com/matlab/,200,73006,1436,3,1,1,45,8,2767,,,,,0,0,0,0,0,0
20,https://teznevisan3.com/operation-research/,200,text/html; charset=utf-8,true,انجام پروژه تحقیق در عملیات [Operation Research] | موسسه تزنویسان,65,تحقیق در عملیات (OR) ابزار کلیدی برای بهینه‌سازی منابع در صنایع و مدیریت است. دانشجویان با چالش فرمول‌بندی مدل، حل LP/IP و تحلیل حساسیت روبرو می‌شوند.,150,"انجام پروژه تحقیق در عملیات [Operation Research]
انجام پروژه تحقیق در عملیات [Operation Research]","48
48","follow
index
max-image-preview:large
max-snippet:-1
max-video-preview:-1",,https://teznevisan3.com/operation-research/,200,72753,1320,2,1,1,46,8,2129,,,,,0,0,0,0,0,0
17,https://teznevisan3.com/wp-content/uploads/logo/teznevisan.svg,200,image/svg+xml,false,,,,,,,,,,,148304,0,1,0,0,0,0,722,,,,,0,0,0,0,0,0
17,https://teznevisan3.com/2023/05/,301,text/html; charset=utf-8,false,,,,,,,,,https://teznevisan3.com/2023/05/,301,20,0,2,61,61,0,0,748,https://teznevisan3.com/,200,https://teznevisan3.com/,200,0,0,0,0,0,0
17,https://teznevisan3.com/wp-login.php?action=lostpassword&redirect_to=https%3A%2F%2Fteznevisan3.com,200,text/html; charset=utf-8,false,رمز فراموش شده ‹ موسسه تزنویسان — وردپرس,40,,,"رمز فراموش شده
با نیروی وردپرس","14
15","max-image-preview:large
noarchive
noindex",,,,1644,53,1,62,62,2,0,898,,,,,0,0,0,0,0,0
17,https://teznevisan3.com/2024/10/,301,text/html; charset=utf-8,false,,,,,,,,,https://teznevisan3.com/2024/10/,301,1,0,2,61,61,0,0,506,https://teznevisan3.com/,200,https://teznevisan3.com/,200,0,0,0,0,0,0
17,https://teznevisan3.com/2024/09/,301,text/html; charset=utf-8,false,,,,,,,,,https://teznevisan3.com/2024/09/,301,1,0,2,61,61,0,0,487,https://teznevisan3.com/,200,https://teznevisan3.com/,200,0,0,0,0,0,0
17,https://teznevisan3.com/2024/12/,301,text/html; charset=utf-8,false,,,,,,,,,https://teznevisan3.com/2024/12/,301,1,0,2,61,61,0,0,477,https://teznevisan3.com/,200,https://teznevisan3.com/,200,0,0,0,0,0,0
17,https://teznevisan3.com/2023/08/,301,text/html; charset=utf-8,false,,,,,,,,,https://teznevisan3.com/2023/08/,301,1,0,2,61,61,0,0,474,https://teznevisan3.com/,200,https://teznevisan3.com/,200,0,0,0,0,0,0
17,https://teznevisan3.com/wp-content/uploads/fonts/fontawesome/css/brands.css?ver=7.0.0,200,text/css,false,,,,,,,,,,,4515,0,1,0,0,0,0,520,,,,,0,0,0,0,0,0
17,https://teznevisan3.com/wp-content/uploads/fonts/fontawesome/css/duotone.css?ver=7.0.0,200,text/css,false,,,,,,,,,,,404,0,1,0,0,0,0,483,,,,,0,0,0,0,0,0
17,https://teznevisan3.com/2025/03/,301,text/html; charset=utf-8,false,,,,,,,,,https://teznevisan3.com/2025/03/,301,0,0,2,61,61,0,0,519,https://teznevisan3.com/,200,https://teznevisan3.com/,200,0,0,0,0,0,0
17,https://teznevisan3.com/inquiry,301,text/html; charset=utf-8,false,,,,,,,,,https://teznevisan3.com/inquiry/,200,1,0,1,62,62,0,0,974,https://teznevisan3.com/inquiry/,200,https://teznevisan3.com/inquiry/,200,0,0,0,0,0,0
17,https://teznevisan3.com/wp-content/uploads/logo/white.svg,200,image/svg+xml,false,,,,,,,,,,,148995,0,1,0,0,0,0,700,,,,,0,0,0,0,0,0
17,https://teznevisan3.com/wp-content/uploads/fonts/fontawesome/css/all.css?ver=7.0.0,200,text/css,false,,,,,,,,,,,38593,0,1,0,0,0,0,658,,,,,0,0,0,0,0,0
17,https://teznevisan3.com/2025/02/,301,text/html; charset=utf-8,false,,,,,,,,,https://teznevisan3.com/2025/02/,301,1,0,2,61,61,0,0,493,https://teznevisan3.com/,200,https://teznevisan3.com/,200,0,0,0,0,0,0
2,https://teznevisan3.com/assignments/,404,text/html; charset=utf-8,false,,,,,,,,,,,54022,0,3,8,8,0,0,4560,,,,,0,0,0,0,0,0
2,https://teznevisan3.com/isi-paper/,404,text/html; charset=utf-8,false,,,,,,,,,,,0,0,2,8,8,0,0,1294,,,,,0,0,0,0,0,0
1,https://teznevisan3.com/spss/,301,text/html; charset=utf-8,false,,,,,,,,,,,20,0,3,2,2,0,0,1323,https://teznevisan3.com/statistical-analysis/spss/,200,https://teznevisan3.com/statistical-analysis/spss/,200,0,0,0,0,0,0
1,https://teznevisan3.com/wp-content/uploads/2023/05/81a531ab-d876-45f1-86cf-0a03217545f7-390x220.webp,200,image/webp,false,,,,,,,,,,,99318,0,3,0,0,0,0,1547,,,,,0,0,0,0,0,0
1,https://teznevisan3.com/master-thesis/,404,text/html; charset=utf-8,false,,,,,,,,,,,0,0,3,4,4,0,0,2210,,,,,0,0,0,0,0,0
1,https://teznevisan3.com/publish-paper/,404,text/html; charset=utf-8,false,,,,,,,,,,,0,0,2,2,2,0,0,1908,,,,,0,0,0,0,0,0
1,https://teznevisan3.com/simulation/,200,text/html; charset=utf-8,false,انجام شبیه سازی | موسسه تزنویسان,32,,,چیزی پیدا نشد,13,"follow
noindex",,https://teznevisan3.com/simulation/,200,56231,542,4,2,2,45,3,863,,,,,0,0,0,0,0,0
1,https://teznevisan3.com/thesis-writing/,301,text/html; charset=utf-8,false,,,,,,,,,,,20,0,2,4,4,0,0,731,https://teznevisan3.com/thesis-writing-duration/,200,https://teznevisan3.com/thesis-writing-duration/,200,0,0,0,0,0,0
1,https://teznevisan3.com/paper-writing/,404,text/html; charset=utf-8,false,,,,,,,,,,,0,0,2,5,5,0,0,1263,,,,,0,0,0,0,0,0
1,https://teznevisan3.com/wp-login.php,200,text/html; charset=utf-8,false,ورود ‹ موسسه تزنویسان — وردپرس,30,,,"ورود
با نیروی وردپرس","4
15","max-image-preview:large
noarchive
noindex",,,,3267,36,2,2,2,2,0,484,,,,,0,0,0,0,0,0
0,https://teznevisan3.com/writing-thesis/master/?random-post=1,302,text/html; charset=utf-8,false,,,,,,,,,,,20,0,2,1,0,0,0,672,https://teznevisan3.com/thesis-to-book/,200,https://teznevisan3.com/thesis-to-book/,200,0,0,0,0,0,0
0,https://teznevisan3.com/writing-paper/?random-post=1,302,text/html; charset=utf-8,false,,,,,,,,,,,20,0,2,1,0,0,0,687,https://teznevisan3.com/thesis-to-book/,200,https://teznevisan3.com/thesis-to-book/,200,0,0,0,0,0,0
0,https://teznevisan3.com/how-to-find-base-research-paper/?random-post=1,302,text/html; charset=utf-8,false,,,,,,,,,,,20,0,2,1,0,0,0,1038,https://teznevisan3.com/extracting-paper-from-dissertation/,200,https://teznevisan3.com/extracting-paper-from-dissertation/,200,0,0,0,0,0,0
0,https://teznevisan3.com/wp-content/uploads/2024/10/Screenshot-2024-10-11-145041.png,404,text/html; charset=utf-8,false,,,,,,,,,,,54051,0,3,0,0,0,0,2838,,,,,0,0,0,0,0,0
0,https://teznevisan3.com/wp-content/uploads/2024/10/Contact-1.png,404,text/html; charset=utf-8,false,,,,,,,,,,,0,0,3,0,0,0,0,2272,,,,,0,0,0,0,0,0
0,https://teznevisan3.com/about/?random-post=1,302,text/html; charset=utf-8,false,,,,,,,,,,,20,0,2,1,0,0,0,1398,https://teznevisan3.com/research-types/,200,https://teznevisan3.com/research-types/,200,0,0,0,0,0,0
0,http://www.teznevisan3.com/,403,text/html; charset=utf-8,false,,,,,,,,,,,337,0,0,0,0,0,0,312,,,,,0,0,0,0,0,0
0,https://teznevisan3.com/extracting-paper-from-dissertation/?random-post=1,302,text/html; charset=utf-8,false,,,,,,,,,,,20,0,4,1,0,0,0,774,https://teznevisan3.com/research-methodology/,200,https://teznevisan3.com/research-methodology/,200,0,0,0,0,0,0
0,https://teznevisan3.com/thesis-writing-duration/?random-post=1,302,text/html; charset=utf-8,false,,,,,,,,,,,20,0,2,1,0,0,0,709,https://teznevisan3.com/academic-research-dictionary/,200,https://teznevisan3.com/academic-research-dictionary/,200,0,0,0,0,0,0
0,https://teznevisan3.com/wp-content/uploads/2023/01/similarity-check.png,404,text/html; charset=utf-8,false,,,,,,,,,,,0,0,3,0,0,0,0,4403,,,,,0,0,0,0,0,0
0,https://teznevisan3.com/wp-content/uploads/2024/10/WithdrawContact.png,404,text/html; charset=utf-8,false,,,,,,,,,,,54037,0,3,0,0,0,0,1392,,,,,0,0,0,0,0,0
0,https://teznevisan3.com/academic-research-dictionary/?random-post=1,302,text/html; charset=utf-8,false,,,,,,,,,,,20,0,2,1,0,0,0,701,https://teznevisan3.com/correlation-research/,200,https://teznevisan3.com/correlation-research/,200,0,0,0,0,0,0
0,https://teznevisan3.com/case-study/?random-post=1,302,text/html; charset=utf-8,false,,,,,,,,,,,20,0,3,1,0,0,0,1376,https://teznevisan3.com/how-to-write-thesis/,200,https://teznevisan3.com/how-to-write-thesis/,200,0,0,0,0,0,0
0,https://teznevisan3.com/review-article/,404,text/html; charset=utf-8,false,,,,,,,,,,,54028,0,2,1,1,0,0,1482,,,,,0,0,0,0,0,0
0,https://teznevisan3.com/wp-content/uploads/2025/02/Research-Glossary.webp,404,text/html; charset=utf-8,false,,,,,,,,,,,0,0,2,0,0,0,0,1433,,,,,0,0,0,0,0,0
0,https://teznevisan3.com/statistical-analysis/?random-post=1,302,text/html; charset=utf-8,false,,,,,,,,,,,20,0,2,1,0,0,0,646,https://teznevisan3.com/how-to-find-base-research-paper/,200,https://teznevisan3.com/how-to-find-base-research-paper/,200,0,0,0,0,0,0
0,https://teznevisan3.com/wp-content/uploads/2024/10/Screenshot-2024-10-11-145631.png,404,text/html; charset=utf-8,false,,,,,,,,,,,0,0,3,0,0,0,0,1470,,,,,0,0,0,0,0,0
0,https://teznevisan3.com/how-to-write-thesis/?random-post=1,302,text/html; charset=utf-8,false,,,,,,,,,,,20,0,2,1,0,0,0,695,https://teznevisan3.com/academic-research-dictionary/,200,https://teznevisan3.com/academic-research-dictionary/,200,0,0,0,0,0,0
0,https://teznevisan3.com/abaqus/?random-post=1,302,text/html; charset=utf-8,false,,,,,,,,,,,20,0,5,1,0,0,0,687,https://teznevisan3.com/correlation-research/,200,https://teznevisan3.com/correlation-research/,200,0,0,0,0,0,0
0,https://teznevisan3.com/minitab/?random-post=1,302,text/html; charset=utf-8,false,,,,,,,,,,,20,0,4,1,0,0,0,1134,https://teznevisan3.com/academic-research-dictionary/,200,https://teznevisan3.com/academic-research-dictionary/,200,0,0,0,0,0,0
0,https://teznevisan3.com/true-research/?random-post=1,302,text/html; charset=utf-8,false,,,,,,,,,,,20,0,3,1,0,0,0,1395,https://teznevisan3.com/disseertation-topic/,200,https://teznevisan3.com/disseertation-topic/,200,0,0,0,0,0,0
0,https://teznevisan3.com/research-reasoning-logic/,404,text/html; charset=utf-8,false,,,,,,,,,,,0,0,2,1,1,0,0,1216,,,,,0,0,0,0,0,0
0,https://teznevisan3.com/inquiry/?random-post=1,302,text/html; charset=utf-8,false,,,,,,,,,,,20,0,3,1,0,0,0,816,https://teznevisan3.com/become-researcher/,200,https://teznevisan3.com/become-researcher/,200,0,0,0,0,0,0
0,https://teznevisan3.com/?random-post=1,302,text/html; charset=utf-8,false,,,,,,,,,,,20,0,1,1,0,0,0,723,https://teznevisan3.com/research-methodology/,200,https://teznevisan3.com/research-methodology/,200,0,0,0,0,0,0
0,https://teznevisan3.com/researach-hypothesis/?random-post=1,302,text/html; charset=utf-8,false,,,,,,,,,,,20,0,3,1,0,0,0,1379,https://teznevisan3.com/how-to-search-research-paper/,200,https://teznevisan3.com/how-to-search-research-paper/,200,0,0,0,0,0,0
0,https://teznevisan3.com/wp-content/uploads/2025/02/Scholarly-Writing-Vocabulary.webp,404,text/html; charset=utf-8,false,,,,,,,,,,,0,0,2,0,0,0,0,1230,,,,,0,0,0,0,0,0
0,https://teznevisan3.com/sitemap_index.xml,404,text/html; charset=utf-8,false,,,,,,,,,,,0,0,,0,0,0,0,502,,,,,0,0,0,0,0,0
0,https://teznevisan3.com/statistical-analysis/spss/?random-post=1,302,text/html; charset=utf-8,false,,,,,,,,,,,20,0,2,1,0,0,0,2055,https://teznevisan3.com/plagiarism-check/,200,https://teznevisan3.com/plagiarism-check/,200,0,0,0,0,0,0
0,https://teznevisan3.com/military-services-project/?random-post=1,302,text/html; charset=utf-8,false,,,,,,,,,,,20,0,4,1,0,0,0,769,https://teznevisan3.com/disseertation-topic/,200,https://teznevisan3.com/disseertation-topic/,200,0,0,0,0,0,0
0,https://teznevisan3.com/contact-us/?random-post=1,302,text/html; charset=utf-8,false,,,,,,,,,,,20,0,2,1,0,0,0,659,https://teznevisan3.com/case-study/,200,https://teznevisan3.com/case-study/,200,0,0,0,0,0,0
0,https://teznevisan3.com/wp-content/uploads/2023/01/military-services.png,404,text/html; charset=utf-8,false,,,,,,,,,,,0,0,4,0,0,0,0,1203,,,,,0,0,0,0,0,0
0,https://teznevisan3.com/writing-thesis/?random-post=1,302,text/html; charset=utf-8,false,,,,,,,,,,,20,0,2,1,0,0,0,706,https://teznevisan3.com/finite-element-method/,200,https://teznevisan3.com/finite-element-method/,200,0,0,0,0,0,0
0,https://teznevisan3.com/complaint/?random-post=1,302,text/html; charset=utf-8,false,,,,,,,,,,,20,0,2,1,0,0,0,1358,https://teznevisan3.com/difference-between-job-student-cv/,200,https://teznevisan3.com/difference-between-job-student-cv/,200,0,0,0,0,0,0
0,https://teznevisan3.com/proposal/phd/?random-post=1,302,text/html; charset=utf-8,false,,,,,,,,,,,20,0,2,1,0,0,0,982,https://teznevisan3.com/plagiarism-check/,200,https://teznevisan3.com/plagiarism-check/,200,0,0,0,0,0,0
0,https://teznevisan3.com/proposal/?random-post=1,302,text/html; charset=utf-8,false,,,,,,,,,,,20,0,2,1,0,0,0,1335,https://teznevisan3.com/research-methodology/,200,https://teznevisan3.com/research-methodology/,200,0,0,0,0,0,0
0,https://teznevisan3.com/wp-content/uploads/2024/08/Best-Optimizing-institute.png,404,text/html; charset=utf-8,false,,,,,,,,,,,0,0,3,0,0,0,0,2414,,,,,0,0,0,0,0,0
0,https://teznevisan3.com/thesis-writing/master/,301,text/html; charset=utf-8,false,,,,,,,,,,,20,0,2,1,1,0,0,1327,https://teznevisan3.com/writing-thesis/master/,200,https://teznevisan3.com/writing-thesis/master/,200,0,0,0,0,0,0
0,https://teznevisan3.com/writing-paper/review-paper/?random-post=1,302,text/html; charset=utf-8,false,,,,,,,,,,,20,0,2,1,0,0,0,1405,https://teznevisan3.com/thesis-writing-duration/,200,https://teznevisan3.com/thesis-writing-duration/,200,0,0,0,0,0,0
0,https://teznevisan3.com/contact,301,text/html; charset=utf-8,false,,,,,,,,,,,20,0,2,1,1,0,0,871,https://teznevisan3.com/contact-us/,200,https://teznevisan3.com/contact-us/,200,0,0,0,0,0,0
0,https://teznevisan3.com/thesis-writing-tutorials/?random-post=1,302,text/html; charset=utf-8,false,,,,,,,,,,,20,0,3,1,0,0,0,1848,https://teznevisan3.com/academic-research-dictionary/,200,https://teznevisan3.com/academic-research-dictionary/,200,0,0,0,0,0,0
0,https://teznevisan3.com/wp-content/uploads/2024/08/What-is-Optimization.png,404,text/html; charset=utf-8,false,,,,,,,,,,,0,0,3,0,0,0,0,2442,,,,,0,0,0,0,0,0
0,https://teznevisan3.com/statistical-analysis/abaqus/,301,text/html; charset=utf-8,false,,,,,,,,,,,20,0,3,1,1,0,0,1035,https://teznevisan3.com/abaqus/,200,https://teznevisan3.com/abaqus/,200,0,0,0,0,0,0
0,https://teznevisan3.com/statistical-analysis/sas/?random-post=1,302,text/html; charset=utf-8,false,,,,,,,,,,,20,0,2,1,0,0,0,616,https://teznevisan3.com/how-to-write-review-paper/,200,https://teznevisan3.com/how-to-write-review-paper/,200,0,0,0,0,0,0
0,https://teznevisan3.com/thesis-with-ai/?random-post=1,302,text/html; charset=utf-8,false,,,,,,,,,,,20,0,2,1,0,0,0,645,https://teznevisan3.com/plagiarism-check/,200,https://teznevisan3.com/plagiarism-check/,200,0,0,0,0,0,0
0,https://teznevisan3.com/proposal-writing/,404,text/html; charset=utf-8,false,,,,,,,,,,,54027,0,2,1,1,0,0,1258,,,,,0,0,0,0,0,0
0,https://teznevisan3.com/citation/?random-post=1,302,text/html; charset=utf-8,false,,,,,,,,,,,20,0,3,1,0,0,0,1121,https://teznevisan3.com/how-to-write-review-paper/,200,https://teznevisan3.com/how-to-write-review-paper/,200,0,0,0,0,0,0
0,https://teznevisan3.com/thesis-writing/phd/,301,text/html; charset=utf-8,false,,,,,,,,,,,20,0,2,1,1,0,0,1373,https://teznevisan3.com/writing-thesis/phd/,200,https://teznevisan3.com/writing-thesis/phd/,200,0,0,0,0,0,0
0,https://teznevisan3.com/robots.txt,200,text/plain; charset=utf-8,false,,,,,,,,,,,435,0,,0,0,0,0,1291,,,,,0,0,0,0,0,0
0,https://teznevisan3.com/research-methodology/?random-post=1,302,text/html; charset=utf-8,false,,,,,,,,,,,20,0,3,1,0,0,0,707,https://teznevisan3.com/plagiarism-check/,200,https://teznevisan3.com/plagiarism-check/,200,0,0,0,0,0,0
0,https://teznevisan3.com/research-paper-for-apply/?random-post=1,302,text/html; charset=utf-8,false,,,,,,,,,,,20,0,2,1,0,0,0,1376,https://teznevisan3.com/researach-hypothesis/,200,https://teznevisan3.com/researach-hypothesis/,200,0,0,0,0,0,0
0,https://teznevisan3.com/writing-thesis/phd/?random-post=1,302,text/html; charset=utf-8,false,,,,,,,,,,,20,0,2,1,0,0,0,1268,https://teznevisan3.com/thesis-with-ai/,200,https://teznevisan3.com/thesis-with-ai/,200,0,0,0,0,0,0
0,https://teznevisan3.com/writing-paper/isc/?random-post=1,302,text/html; charset=utf-8,false,,,,,,,,,,,20,0,2,1,0,0,0,717,https://teznevisan3.com/citation/,200,https://teznevisan3.com/citation/,200,0,0,0,0,0,0
0,https://teznevisan3.com/thesis/?random-post=1,302,text/html; charset=utf-8,false,,,,,,,,,,,20,0,3,1,0,0,0,1284,https://teznevisan3.com/correlation-research/,200,https://teznevisan3.com/correlation-research/,200,0,0,0,0,0,0
0,https://teznevisan3.com/faq,404,text/html; charset=utf-8,false,,,,,,,,,,,54023,0,2,1,1,0,0,1263,,,,,0,0,0,0,0,0
0,https://teznevisan3.com/paper/?random-post=1,302,text/html; charset=utf-8,false,,,,,,,,,,,20,0,3,1,0,0,0,730,https://teznevisan3.com/thesis-with-ai/,200,https://teznevisan3.com/thesis-with-ai/,200,0,0,0,0,0,0
0,https://teznevisan3.com/operation-research/?random-post=1,302,text/html; charset=utf-8,false,,,,,,,,,,,20,0,3,1,0,0,0,2671,https://teznevisan3.com/true-research/,200,https://teznevisan3.com/true-research/,200,0,0,0,0,0,0
0,https://teznevisan3.com/wp-content/uploads/2024/10/Screenshot-2024-10-11-145819.png,404,text/html; charset=utf-8,false,,,,,,,,,,,54051,0,3,0,0,0,0,2597,,,,,0,0,0,0,0,0
0,https://teznevisan3.com/wp-content/uploads/2025/02/Terminology-of-Academic-Writing.webp,404,text/html; charset=utf-8,false,,,,,,,,,,,54050,0,2,0,0,0,0,1225,,,,,0,0,0,0,0,0
0,https://teznevisan3.com/research-types/?random-post=1,302,text/html; charset=utf-8,false,,,,,,,,,,,20,0,3,1,0,0,0,1339,https://teznevisan3.com/research-paper-for-apply/,200,https://teznevisan3.com/research-paper-for-apply/,200,0,0,0,0,0,0
0,https://teznevisan3.com/matlab/?random-post=1,302,text/html; charset=utf-8,false,,,,,,,,,,,20,0,4,1,0,0,0,1635,https://teznevisan3.com/causal-comparative-research/,200,https://teznevisan3.com/causal-comparative-research/,200,0,0,0,0,0,0
0,https://teznevisan3.com/wp-content/uploads/2025/02/Scientific-Terminology.webp,404,text/html; charset=utf-8,false,,,,,,,,,,,54047,0,2,0,0,0,0,1302,,,,,0,0,0,0,0,0
0,https://teznevisan3.com/withdraw-from-university/?random-post=1,302,text/html; charset=utf-8,false,,,,,,,,,,,20,0,3,1,0,0,0,801,https://teznevisan3.com/how-to-find-base-research-paper/,200,https://teznevisan3.com/how-to-find-base-research-paper/,200,0,0,0,0,0,0
0,https://teznevisan3.com/finite-element-method/?random-post=1,302,text/html; charset=utf-8,false,,,,,,,,,,,20,0,3,1,0,0,0,1097,https://teznevisan3.com/research-types/,200,https://teznevisan3.com/research-types/,200,0,0,0,0,0,0
0,https://teznevisan3.com/how-to-search-research-paper/?random-post=1,302,text/html; charset=utf-8,false,,,,,,,,,,,20,0,2,1,0,0,0,717,https://teznevisan3.com/true-research/,200,https://teznevisan3.com/true-research/,200,0,0,0,0,0,0
0,https://teznevisan3.com/plagiarism-check/?random-post=1,302,text/html; charset=utf-8,false,,,,,,,,,,,20,0,3,1,0,0,0,1095,https://teznevisan3.com/research-paper-for-apply/,200,https://teznevisan3.com/research-paper-for-apply/,200,0,0,0,0,0,0
0,https://teznevisan3.com/statistical-population/?random-post=1,302,text/html; charset=utf-8,false,,,,,,,,,,,20,0,3,1,0,0,0,1908,https://teznevisan3.com/disseertation-topic/,200,https://teznevisan3.com/disseertation-topic/,200,0,0,0,0,0,0
0,https://teznevisan3.com/assignment-writing/?random-post=1,302,text/html; charset=utf-8,false,,,,,,,,,,,20,0,3,1,0,0,0,2715,https://teznevisan3.com/causal-comparative-research/,200,https://teznevisan3.com/causal-comparative-research/,200,0,0,0,0,0,0
0,https://teznevisan3.com/hiring/?random-post=1,302,text/html; charset=utf-8,false,,,,,,,,,,,20,0,2,1,0,0,0,3056,https://teznevisan3.com/correlation-research/,200,https://teznevisan3.com/correlation-research/,200,0,0,0,0,0,0
0,https://teznevisan3.com/python/?random-post=1,302,text/html; charset=utf-8,false,,,,,,,,,,,20,0,4,1,0,0,0,668,https://teznevisan3.com/true-research/,200,https://teznevisan3.com/true-research/,200,0,0,0,0,0,0
0,https://teznevisan3.com/disseertation-topic/?random-post=1,302,text/html; charset=utf-8,false,,,,,,,,,,,20,0,4,1,0,0,0,694,https://teznevisan3.com/become-researcher/,200,https://teznevisan3.com/become-researcher/,200,0,0,0,0,0,0
0,https://teznevisan3.com/acknowledgement/?random-post=1,302,text/html; charset=utf-8,false,,,,,,,,,,,20,0,3,1,0,0,0,769,https://teznevisan3.com/academic-research-dictionary/,200,https://teznevisan3.com/academic-research-dictionary/,200,0,0,0,0,0,0
0,https://teznevisan3.com/interventional-research/,301,text/html; charset=utf-8,false,,,,,,,,,,,20,0,3,1,1,0,0,1657,https://teznevisan3.com/causal-comparative-research/,200,https://teznevisan3.com/causal-comparative-research/,200,0,0,0,0,0,0
0,https://teznevisan3.com/wp-content/uploads/2023/05/81a531ab-d876-45f1-86cf-0a03217545f7-780x470.webp,200,image/webp,false,,,,,,,,,,,361926,0,4,0,0,0,0,661,,,,,0,0,0,0,0,0
0,https://teznevisan3.com/correlation-research/?random-post=1,302,text/html; charset=utf-8,false,,,,,,,,,,,20,0,3,1,0,0,0,752,https://teznevisan3.com/difference-between-job-student-cv/,200,https://teznevisan3.com/difference-between-job-student-cv/,200,0,0,0,0,0,0
0,https://teznevisan3.com/wp-content/uploads/2023/02/thesis-writing-guide.png,404,text/html; charset=utf-8,false,,,,,,,,,,,0,0,2,0,0,0,0,1581,,,,,0,0,0,0,0,0
0,https://teznevisan3.com/wp-content/uploads/2023/01/PLAGIARISM-CHECK.png,404,text/html; charset=utf-8,false,,,,,,,,,,,0,0,3,0,0,0,0,2391,,,,,0,0,0,0,0,0
0,https://teznevisan3.com/research-methodology-tutorials/?random-post=1,302,text/html; charset=utf-8,false,,,,,,,,,,,20,0,3,1,0,0,0,1180,https://teznevisan3.com/thesis-writing-duration/,200,https://teznevisan3.com/thesis-writing-duration/,200,0,0,0,0,0,0
0,https://teznevisan3.com/writing-paper/conference-proceedings/?random-post=1,302,text/html; charset=utf-8,false,,,,,,,,,,,20,0,2,1,0,0,0,690,https://teznevisan3.com/research-paper-for-apply/,200,https://teznevisan3.com/research-paper-for-apply/,200,0,0,0,0,0,0
0,https://teznevisan3.com/paper-writing-tutorials/?random-post=1,302,text/html; charset=utf-8,false,,,,,,,,,,,20,0,3,1,0,0,0,804,https://teznevisan3.com/research-types/,200,https://teznevisan3.com/research-types/,200,0,0,0,0,0,0
0,https://teznevisan3.com/wp-content/uploads/2025/02/Journal-Terminology.webp,404,text/html; charset=utf-8,false,,,,,,,,,,,54045,0,2,0,0,0,0,1370,,,,,0,0,0,0,0,0
0,https://teznevisan3.com/qualitative-method/?random-post=1,302,text/html; charset=utf-8,false,,,,,,,,,,,20,0,3,1,0,0,0,1252,https://teznevisan3.com/statistical-population/,200,https://teznevisan3.com/statistical-population/,200,0,0,0,0,0,0
0,https://teznevisan3.com/become-researcher/?random-post=1,302,text/html; charset=utf-8,false,,,,,,,,,,,20,0,3,1,0,0,0,1456,https://teznevisan3.com/how-to-search-research-paper/,200,https://teznevisan3.com/how-to-search-research-paper/,200,0,0,0,0,0,0
0,https://teznevisan3.com/thesis-to-book/?random-post=1,302,text/html; charset=utf-8,false,,,,,,,,,,,20,0,3,1,0,0,0,1304,https://teznevisan3.com/how-to-write-thesis/,200,https://teznevisan3.com/how-to-write-thesis/,200,0,0,0,0,0,0
0,https://teznevisan3.com/optimisation/?random-post=1,302,text/html; charset=utf-8,false,,,,,,,,,,,20,0,3,1,0,0,0,1219,https://teznevisan3.com/difference-between-job-student-cv/,200,https://teznevisan3.com/difference-between-job-student-cv/,200,0,0,0,0,0,0
0,https://teznevisan3.com/writing-english-isi-papers/?random-post=1,302,text/html; charset=utf-8,false,,,,,,,,,,,20,0,2,1,0,0,0,1472,https://teznevisan3.com/writing-english-isi-papers/,200,https://teznevisan3.com/writing-english-isi-papers/,200,0,0,0,0,0,0
0,https://teznevisan3.com/conference-paper/,404,text/html; charset=utf-8,false,,,,,,,,,,,0,0,2,1,1,0,0,1385,,,,,0,0,0,0,0,0
0,http://teznevisan3.com/,403,text/html; charset=utf-8,false,,,,,,,,,,,337,0,0,0,0,0,0,316,,,,,0,1,0,1,1,1
0,https://teznevisan3.com/blog/?random-post=1,302,text/html; charset=utf-8,false,,,,,,,,,,,20,0,2,1,0,0,0,806,https://teznevisan3.com/researach-hypothesis/,200,https://teznevisan3.com/researach-hypothesis/,200,0,0,0,0,0,0
0,https://teznevisan3.com/difference-between-job-student-cv/?random-post=1,302,text/html; charset=utf-8,false,,,,,,,,,,,20,0,2,1,0,0,0,681,https://teznevisan3.com/disseertation-topic/,200,https://teznevisan3.com/disseertation-topic/,200,0,0,0,0,0,0
0,https://teznevisan3.com/causal-comparative-research/?random-post=1,302,text/html; charset=utf-8,false,,,,,,,,,,,20,0,4,1,0,0,0,664,https://teznevisan3.com/finite-element-method/,200,https://teznevisan3.com/finite-element-method/,200,0,0,0,0,0,0
0,https://teznevisan3.com/wp-content/uploads/2023/05/Screenshot.webp,200,image/webp,false,,,,,,,,,,,47246,0,4,0,0,0,0,682,,,,,0,0,0,0,0,0
0,https://teznevisan3.com/statistical-analysis/ansys-fluent-2/,404,text/html; charset=utf-8,false,,,,,,,,,,,0,0,3,1,1,0,0,2085,,,,,0,0,0,0,0,0
0,https://www.teznevisan3.com/,301,text/html; charset=utf-8,false,,,,,,,,,https://teznevisan3.com/,200,20,0,0,0,0,0,0,715,https://teznevisan3.com/,200,https://teznevisan3.com/,200,0,71,16,55,4,71
0,https://teznevisan3.com/how-to-write-review-paper/?random-post=1,302,text/html; charset=utf-8,false,,,,,,,,,,,20,0,2,1,0,0,0,918,https://teznevisan3.com/research-methodology/,200,https://teznevisan3.com/research-methodology/,200,0,0,0,0,0,0
0,https://teznevisan3.com/wp-login.php?action=lostpassword,200,text/html; charset=utf-8,false,رمز فراموش شده ‹ موسسه تزنویسان — وردپرس,40,,,"رمز فراموش شده
با نیروی وردپرس","14
15","max-image-preview:large
noarchive
noindex",,,,1638,53,3,1,1,2,0,677,,,,,0,0,0,0,0,0
0,https://teznevisan3.com/wp-content/uploads/2024/10/Screenshot-2024-10-11-144849.png,404,text/html; charset=utf-8,false,,,,,,,,,,,0,0,3,0,0,0,0,2620,,,,,0,0,0,0,0,0
0,https://teznevisan3.com/simulation/?random-post=1,302,text/html; charset=utf-8,false,,,,,,,,,,,20,0,5,1,0,0,0,1214,https://teznevisan3.com/finite-element-method/,200,https://teznevisan3.com/finite-element-method/,200,0,0,0,0,0,0
0,https://teznevisan3.com/writing-paper/isi/?random-post=1,302,text/html; charset=utf-8,false,,,,,,,,,,,20,0,2,1,0,0,0,845,https://teznevisan3.com/correlation-research/,200,https://teznevisan3.com/correlation-research/,200,0,0,0,0,0,0
0,https://teznevisan3.com/wp-content/uploads/2025/02/Dissertation-Terminology.webp,404,text/html; charset=utf-8,false,,,,,,,,,,,0,0,2,0,0,0,0,1306,,,,,0,0,0,0,0,0
